{"type": "FeatureCollection", "features": [{"type": "Feature", "geometry": {"type": "Point", "coordinates": [139.630379, 35.557241]}, "properties": {"name": "横浜市立下田小学校　校舎１７－１", "ward": "港北区", "address": "神奈川県横浜市港北区下田町4-10-1", "haz": {"flood": 1, "landslide": 1, "hightide": 1, "quake": 1, "tsunami": 0, "fire": 0, "inland": 0, "volcano": 0}}}, {"type": "Feature", "geometry": {"type": "Point", "coordinates": [139.629934, 35.557298]}, "properties": {"name": "横浜市立下田小学校　校舎１７", "ward": "港北区", "address": "神奈川県横浜市港北区下田町4-10-1", "haz": {"flood": 1, "landslide": 1, "hightide": 1, "quake": 1, "tsunami": 0, "fire": 0, "inland": 0, "volcano": 0}}}, {"type": "Feature", "geometry": {"type": "Point", "coordinates": [139.629881, 35.557621]}, "properties": {"name": "横浜市立下田小学校　体育館２２－１", "ward": "港北区", "address": "神奈川県横浜市港北区下田町4-10-1", "haz": {"flood": 1, "landslide": 1, "hightide": 1, "quake": 1, "tsunami": 0, "fire": 0, "inland": 0, "volcano": 0}}}, {"type": "Feature", "geometry": {"type": "Point", "coordinates": [139.635909, 35.500044]}, "properties": {"name": "横浜市立港北小学校　校舎７－２", "ward": "港北区", "address": "神奈川県横浜市港北区菊名2-15-1", "haz": {"flood": 1, "landslide": 0, "hightide": 1, "quake": 1, "tsunami": 0, "fire": 0, "inland": 0, "volcano": 0}}}, {"type": "Feature", "geometry": {"type": "Point", "coordinates": [139.635593, 35.499965]}, "properties": {"name": "横浜市立港北小学校　校舎２０－１", "ward": "港北区", "address": "神奈川県横浜市港北区菊名2-15-1", "haz": {"flood": 1, "landslide": 0, "hightide": 1, "quake": 1, "tsunami": 0, "fire": 0, "inland": 0, "volcano": 0}}}, {"type": "Feature", "geometry": {"type": "Point", "coordinates": [139.634729, 35.499485]}, "properties": {"name": "横浜市立港北小学校　体育館４－１", "ward": "港北区", "address": "神奈川県横浜市港北区菊名2-15-1", "haz": {"flood": 1, "landslide": 1, "hightide": 1, "quake": 1, "tsunami": 0, "fire": 0, "inland": 0, "volcano": 0}}}, {"type": "Feature", "geometry": {"type": "Point", "coordinates": [139.636306, 35.500157]}, "properties": {"name": "横浜市立港北小学校　校舎１", "ward": "港北区", "address": "神奈川県横浜市港北区菊名2-15-1", "haz": {"flood": 1, "landslide": 0, "hightide": 1, "quake": 1, "tsunami": 0, "fire": 0, "inland": 0, "volcano": 0}}}, {"type": "Feature", "geometry": {"type": "Point", "coordinates": [139.635646, 35.513393]}, "properties": {"name": "横浜市立菊名小学校　体育館１７", "ward": "港北区", "address": "神奈川県横浜市港北区菊名5-18-1", "haz": {"flood": 1, "landslide": 1, "hightide": 1, "quake": 1, "tsunami": 0, "fire": 0, "inland": 0, "volcano": 0}}}, {"type": "Feature", "geometry": {"type": "Point", "coordinates": [139.635297, 35.513187]}, "properties": {"name": "横浜市立菊名小学校　校舎４", "ward": "港北区", "address": "神奈川県横浜市港北区菊名5-18-1", "haz": {"flood": 1, "landslide": 1, "hightide": 1, "quake": 1, "tsunami": 0, "fire": 0, "inland": 0, "volcano": 0}}}, {"type": "Feature", "geometry": {"type": "Point", "coordinates": [139.63548, 35.512991]}, "properties": {"name": "横浜市立菊名小学校　校舎１", "ward": "港北区", "address": "神奈川県横浜市港北区菊名5-18-1", "haz": {"flood": 1, "landslide": 0, "hightide": 1, "quake": 1, "tsunami": 0, "fire": 0, "inland": 0, "volcano": 0}}}, {"type": "Feature", "geometry": {"type": "Point", "coordinates": [139.634788, 35.513078]}, "properties": {"name": "横浜市立菊名小学校　校舎５", "ward": "港北区", "address": "神奈川県横浜市港北区菊名5-18-1", "haz": {"flood": 1, "landslide": 0, "hightide": 1, "quake": 1, "tsunami": 0, "fire": 0, "inland": 0, "volcano": 0}}}, {"type": "Feature", "geometry": {"type": "Point", "coordinates": [139.628058, 35.537423]}, "properties": {"name": "横浜市立綱島小学校　校舎２０（３階以上）", "ward": "港北区", "address": "神奈川県横浜市港北区綱島西3-11-1", "haz": {"flood": 1, "landslide": 1, "hightide": 0, "quake": 1, "tsunami": 0, "fire": 0, "inland": 0, "volcano": 0}}}, {"type": "Feature", "geometry": {"type": "Point", "coordinates": [139.628665, 35.537179]}, "properties": {"name": "横浜市立綱島小学校　校舎１", "ward": "港北区", "address": "神奈川県横浜市港北区綱島西3-11-1", "haz": {"flood": 1, "landslide": 1, "hightide": 1, "quake": 1, "tsunami": 0, "fire": 0, "inland": 0, "volcano": 0}}}, {"type": "Feature", "geometry": {"type": "Point", "coordinates": [139.628815, 35.537061]}, "properties": {"name": "横浜市立綱島小学校　校舎１（３階以上）", "ward": "港北区", "address": "神奈川県横浜市港北区綱島西3-11-1", "haz": {"flood": 1, "landslide": 1, "hightide": 0, "quake": 1, "tsunami": 0, "fire": 0, "inland": 0, "volcano": 0}}}, {"type": "Feature", "geometry": {"type": "Point", "coordinates": [139.627881, 35.53731]}, "properties": {"name": "横浜市立綱島小学校　校舎２０", "ward": "港北区", "address": "神奈川県横浜市港北区綱島西3-11-1", "haz": {"flood": 1, "landslide": 1, "hightide": 1, "quake": 1, "tsunami": 0, "fire": 0, "inland": 0, "volcano": 0}}}, {"type": "Feature", "geometry": {"type": "Point", "coordinates": [139.628402, 35.537449]}, "properties": {"name": "横浜市立綱島小学校　校舎６", "ward": "港北区", "address": "神奈川県横浜市港北区綱島西3-11-1", "haz": {"flood": 1, "landslide": 1, "hightide": 1, "quake": 1, "tsunami": 0, "fire": 0, "inland": 0, "volcano": 0}}}, {"type": "Feature", "geometry": {"type": "Point", "coordinates": [139.628503, 35.537375]}, "properties": {"name": "横浜市立綱島小学校　校舎６（３階以上）", "ward": "港北区", "address": "神奈川県横浜市港北区綱島西3-11-1", "haz": {"flood": 1, "landslide": 1, "hightide": 0, "quake": 1, "tsunami": 0, "fire": 0, "inland": 0, "volcano": 0}}}, {"type": "Feature", "geometry": {"type": "Point", "coordinates": [139.627747, 35.537069]}, "properties": {"name": "横浜市立綱島小学校　校舎８－１", "ward": "港北区", "address": "神奈川県横浜市港北区綱島西3-11-1", "haz": {"flood": 1, "landslide": 1, "hightide": 1, "quake": 1, "tsunami": 0, "fire": 0, "inland": 0, "volcano": 0}}}, {"type": "Feature", "geometry": {"type": "Point", "coordinates": [139.627763, 35.536934]}, "properties": {"name": "横浜市立綱島小学校　校舎８－１（３階以上）", "ward": "港北区", "address": "神奈川県横浜市港北区綱島西3-11-1", "haz": {"flood": 1, "landslide": 1, "hightide": 0, "quake": 1, "tsunami": 0, "fire": 0, "inland": 0, "volcano": 0}}}, {"type": "Feature", "geometry": {"type": "Point", "coordinates": [139.627844, 35.536659]}, "properties": {"name": "横浜市立綱島小学校　体育館２１", "ward": "港北区", "address": "神奈川県横浜市港北区綱島西3-11-1", "haz": {"flood": 0, "landslide": 1, "hightide": 0, "quake": 1, "tsunami": 0, "fire": 0, "inland": 0, "volcano": 0}}}, {"type": "Feature", "geometry": {"type": "Point", "coordinates": [139.630763, 35.543853]}, "properties": {"name": "横浜市立北綱島小学校　校舎１（２階以上）（※洪水は計画規模）", "ward": "港北区", "address": "神奈川県横浜市港北区綱島西5-14-40", "haz": {"flood": 1, "landslide": 1, "hightide": 0, "quake": 1, "tsunami": 0, "fire": 0, "inland": 0, "volcano": 0}}}, {"type": "Feature", "geometry": {"type": "Point", "coordinates": [139.630704, 35.543691]}, "properties": {"name": "横浜市立北綱島小学校　校舎１（３階以上）（※洪水は最大規模）", "ward": "港北区", "address": "神奈川県横浜市港北区綱島西5-14-40", "haz": {"flood": 1, "landslide": 1, "hightide": 0, "quake": 1, "tsunami": 0, "fire": 0, "inland": 0, "volcano": 0}}}, {"type": "Feature", "geometry": {"type": "Point", "coordinates": [139.630817, 35.544014]}, "properties": {"name": "横浜市立北綱島小学校　校舎１", "ward": "港北区", "address": "神奈川県横浜市港北区綱島西5-14-40", "haz": {"flood": 1, "landslide": 1, "hightide": 1, "quake": 1, "tsunami": 0, "fire": 0, "inland": 0, "volcano": 0}}}, {"type": "Feature", "geometry": {"type": "Point", "coordinates": [139.630345, 35.543787]}, "properties": {"name": "横浜市立北綱島小学校　体育館２", "ward": "港北区", "address": "神奈川県横浜市港北区綱島西5-14-40", "haz": {"flood": 0, "landslide": 1, "hightide": 1, "quake": 1, "tsunami": 0, "fire": 0, "inland": 0, "volcano": 0}}}, {"type": "Feature", "geometry": {"type": "Point", "coordinates": [139.630613, 35.544189]}, "properties": {"name": "横浜市立北綱島小学校　校舎１５", "ward": "港北区", "address": "神奈川県横浜市港北区綱島西5-14-40", "haz": {"flood": 1, "landslide": 1, "hightide": 1, "quake": 1, "tsunami": 0, "fire": 0, "inland": 0, "volcano": 0}}}, {"type": "Feature", "geometry": {"type": "Point", "coordinates": [139.631074, 35.543744]}, "properties": {"name": "横浜市立北綱島小学校　校舎７（３階以上）", "ward": "港北区", "address": "神奈川県横浜市港北区綱島西5-14-40", "haz": {"flood": 1, "landslide": 1, "hightide": 0, "quake": 1, "tsunami": 0, "fire": 0, "inland": 0, "volcano": 0}}}, {"type": "Feature", "geometry": {"type": "Point", "coordinates": [139.631133, 35.54391]}, "properties": {"name": "横浜市立北綱島小学校　校舎７", "ward": "港北区", "address": "神奈川県横浜市港北区綱島西5-14-40", "haz": {"flood": 1, "landslide": 1, "hightide": 1, "quake": 1, "tsunami": 0, "fire": 0, "inland": 0, "volcano": 0}}}, {"type": "Feature", "geometry": {"type": "Point", "coordinates": [139.640447, 35.537707]}, "properties": {"name": "横浜市立綱島東小学校　校舎３（２階以上）（※洪水は計画規模）", "ward": "港北区", "address": "神奈川県横浜市港北区綱島東3-1-30", "haz": {"flood": 1, "landslide": 1, "hightide": 0, "quake": 1, "tsunami": 0, "fire": 0, "inland": 0, "volcano": 0}}}, {"type": "Feature", "geometry": {"type": "Point", "coordinates": [139.640683, 35.537825]}, "properties": {"name": "横浜市立綱島東小学校　校舎５", "ward": "港北区", "address": "神奈川県横浜市港北区綱島東3-1-30", "haz": {"flood": 1, "landslide": 1, "hightide": 1, "quake": 1, "tsunami": 0, "fire": 0, "inland": 0, "volcano": 0}}}, {"type": "Feature", "geometry": {"type": "Point", "coordinates": [139.640581, 35.537773]}, "properties": {"name": "横浜市立綱島東小学校　校舎３（３階以上）（※洪水は最大規模）", "ward": "港北区", "address": "神奈川県横浜市港北区綱島東3-1-30", "haz": {"flood": 1, "landslide": 1, "hightide": 0, "quake": 1, "tsunami": 0, "fire": 0, "inland": 0, "volcano": 0}}}, {"type": "Feature", "geometry": {"type": "Point", "coordinates": [139.640372, 35.537446]}, "properties": {"name": "横浜市立綱島東小学校　校舎２", "ward": "港北区", "address": "神奈川県横浜市港北区綱島東3-1-30", "haz": {"flood": 1, "landslide": 1, "hightide": 1, "quake": 1, "tsunami": 0, "fire": 0, "inland": 0, "volcano": 0}}}, {"type": "Feature", "geometry": {"type": "Point", "coordinates": [139.640463, 35.537319]}, "properties": {"name": "横浜市立綱島東小学校　校舎２（２階以上）（※洪水は計画規模）", "ward": "港北区", "address": "神奈川県横浜市港北区綱島東3-1-30", "haz": {"flood": 1, "landslide": 1, "hightide": 0, "quake": 1, "tsunami": 0, "fire": 0, "inland": 0, "volcano": 0}}}, {"type": "Feature", "geometry": {"type": "Point", "coordinates": [139.640544, 35.537219]}, "properties": {"name": "横浜市立綱島東小学校　校舎２（３階以上）（※洪水は最大規模）", "ward": "港北区", "address": "神奈川県横浜市港北区綱島東3-1-30", "haz": {"flood": 1, "landslide": 1, "hightide": 0, "quake": 1, "tsunami": 0, "fire": 0, "inland": 0, "volcano": 0}}}, {"type": "Feature", "geometry": {"type": "Point", "coordinates": [139.64057, 35.537358]}, "properties": {"name": "横浜市立綱島東小学校　校舎２０", "ward": "港北区", "address": "神奈川県横浜市港北区綱島東3-1-30", "haz": {"flood": 1, "landslide": 1, "hightide": 1, "quake": 1, "tsunami": 0, "fire": 0, "inland": 0, "volcano": 0}}}, {"type": "Feature", "geometry": {"type": "Point", "coordinates": [139.640619, 35.53728]}, "properties": {"name": "横浜市立綱島東小学校　校舎２０（２階以上）（※洪水は計画規模）", "ward": "港北区", "address": "神奈川県横浜市港北区綱島東3-1-30", "haz": {"flood": 1, "landslide": 1, "hightide": 0, "quake": 1, "tsunami": 0, "fire": 0, "inland": 0, "volcano": 0}}}, {"type": "Feature", "geometry": {"type": "Point", "coordinates": [139.640318, 35.537655]}, "properties": {"name": "横浜市立綱島東小学校　校舎３", "ward": "港北区", "address": "神奈川県横浜市港北区綱島東3-1-30", "haz": {"flood": 1, "landslide": 1, "hightide": 1, "quake": 1, "tsunami": 0, "fire": 0, "inland": 0, "volcano": 0}}}, {"type": "Feature", "geometry": {"type": "Point", "coordinates": [139.640796, 35.537878]}, "properties": {"name": "横浜市立綱島東小学校　校舎５（２階以上）（※洪水は計画規模）", "ward": "港北区", "address": "神奈川県横浜市港北区綱島東３－１－３０（横浜市立綱島東小学校　校舎５（２階以上））", "haz": {"flood": 1, "landslide": 1, "hightide": 0, "quake": 1, "tsunami": 0, "fire": 0, "inland": 0, "volcano": 0}}}, {"type": "Feature", "geometry": {"type": "Point", "coordinates": [139.640908, 35.53793]}, "properties": {"name": "横浜市立綱島東小学校　校舎５（３階以上）（※洪水は最大規模）", "ward": "港北区", "address": "神奈川県横浜市港北区綱島東３－１－３０（横浜市立綱島東小学校　校舎５（３階以上）", "haz": {"flood": 1, "landslide": 1, "hightide": 0, "quake": 1, "tsunami": 0, "fire": 0, "inland": 0, "volcano": 0}}}, {"type": "Feature", "geometry": {"type": "Point", "coordinates": [139.640774, 35.537118]}, "properties": {"name": "横浜市立綱島東小学校　体育館４", "ward": "港北区", "address": "神奈川県横浜市港北区綱島東３－１－３０（横浜市立綱島東小学校　体育館４）", "haz": {"flood": 0, "landslide": 1, "hightide": 0, "quake": 1, "tsunami": 0, "fire": 0, "inland": 0, "volcano": 0}}}, {"type": "Feature", "geometry": {"type": "Point", "coordinates": [139.617302, 35.556791]}, "properties": {"name": "横浜市立高田中学校　校舎５", "ward": "港北区", "address": "神奈川県横浜市港北区高田町2439", "haz": {"flood": 1, "landslide": 1, "hightide": 1, "quake": 1, "tsunami": 0, "fire": 1, "inland": 0, "volcano": 0}}}, {"type": "Feature", "geometry": {"type": "Point", "coordinates": [139.617967, 35.556351]}, "properties": {"name": "横浜市立高田中学校　体育館６", "ward": "港北区", "address": "神奈川県横浜市港北区高田町2439", "haz": {"flood": 1, "landslide": 1, "hightide": 1, "quake": 1, "tsunami": 0, "fire": 1, "inland": 0, "volcano": 0}}}, {"type": "Feature", "geometry": {"type": "Point", "coordinates": [139.624978, 35.552327]}, "properties": {"name": "横浜市立高田東小学校　校舎１", "ward": "港北区", "address": "神奈川県横浜市港北区高田東2-33-1", "haz": {"flood": 1, "landslide": 1, "hightide": 1, "quake": 1, "tsunami": 0, "fire": 0, "inland": 0, "volcano": 0}}}, {"type": "Feature", "geometry": {"type": "Point", "coordinates": [139.625107, 35.552624]}, "properties": {"name": "横浜市立高田東小学校　校舎５－１", "ward": "港北区", "address": "神奈川県横浜市港北区高田東2-33-1", "haz": {"flood": 1, "landslide": 1, "hightide": 1, "quake": 1, "tsunami": 0, "fire": 0, "inland": 0, "volcano": 0}}}, {"type": "Feature", "geometry": {"type": "Point", "coordinates": [139.625134, 35.552493]}, "properties": {"name": "横浜市立高田東小学校　体育館５－２", "ward": "港北区", "address": "神奈川県横浜市港北区高田東2-33-1", "haz": {"flood": 1, "landslide": 1, "hightide": 1, "quake": 1, "tsunami": 0, "fire": 0, "inland": 0, "volcano": 0}}}, {"type": "Feature", "geometry": {"type": "Point", "coordinates": [139.638579, 35.523623]}, "properties": {"name": "横浜市立師岡小学校　校舎１", "ward": "港北区", "address": "神奈川県横浜市港北区師岡町986", "haz": {"flood": 1, "landslide": 1, "hightide": 1, "quake": 1, "tsunami": 0, "fire": 0, "inland": 0, "volcano": 0}}}, {"type": "Feature", "geometry": {"type": "Point", "coordinates": [139.639432, 35.523972]}, "properties": {"name": "横浜市立師岡小学校　校舎２５（※洪水は計画規模）", "ward": "港北区", "address": "神奈川県横浜市港北区師岡町986", "haz": {"flood": 1, "landslide": 1, "hightide": 1, "quake": 1, "tsunami": 0, "fire": 0, "inland": 0, "volcano": 0}}}, {"type": "Feature", "geometry": {"type": "Point", "coordinates": [139.638622, 35.523151]}, "properties": {"name": "横浜市立師岡小学校　体育館９－３", "ward": "港北区", "address": "神奈川県横浜市港北区師岡町986", "haz": {"flood": 1, "landslide": 1, "hightide": 1, "quake": 1, "tsunami": 0, "fire": 0, "inland": 0, "volcano": 0}}}, {"type": "Feature", "geometry": {"type": "Point", "coordinates": [139.638488, 35.523326]}, "properties": {"name": "横浜市立師岡小学校　校舎９－１（※洪水は計画規模）", "ward": "港北区", "address": "神奈川県横浜市港北区師岡町986", "haz": {"flood": 1, "landslide": 1, "hightide": 1, "quake": 1, "tsunami": 0, "fire": 0, "inland": 0, "volcano": 0}}}, {"type": "Feature", "geometry": {"type": "Point", "coordinates": [139.638558, 35.52323]}, "properties": {"name": "横浜市立師岡小学校　校舎９－１（２階以上）（※洪水は最大規模）", "ward": "港北区", "address": "神奈川県横浜市港北区師岡町986", "haz": {"flood": 1, "landslide": 1, "hightide": 0, "quake": 1, "tsunami": 0, "fire": 0, "inland": 0, "volcano": 0}}}, {"type": "Feature", "geometry": {"type": "Point", "coordinates": [139.639373, 35.523811]}, "properties": {"name": "横浜市立師岡小学校　校舎１７（※洪水は計画規模）", "ward": "港北区", "address": "神奈川県横浜市港北区師岡町986", "haz": {"flood": 1, "landslide": 1, "hightide": 1, "quake": 1, "tsunami": 0, "fire": 0, "inland": 0, "volcano": 0}}}, {"type": "Feature", "geometry": {"type": "Point", "coordinates": [139.639051, 35.523902]}, "properties": {"name": "横浜市立師岡小学校　校舎７（２階以上）（※洪水は最大規模）", "ward": "港北区", "address": "神奈川県横浜市港北区師岡町986", "haz": {"flood": 1, "landslide": 1, "hightide": 0, "quake": 1, "tsunami": 0, "fire": 0, "inland": 0, "volcano": 0}}}, {"type": "Feature", "geometry": {"type": "Point", "coordinates": [139.638917, 35.523837]}, "properties": {"name": "横浜市立師岡小学校　校舎７（※洪水は計画規模）", "ward": "港北区", "address": "神奈川県横浜市港北区師岡町986", "haz": {"flood": 1, "landslide": 1, "hightide": 1, "quake": 1, "tsunami": 0, "fire": 0, "inland": 0, "volcano": 0}}}, {"type": "Feature", "geometry": {"type": "Point", "coordinates": [139.615454, 35.501781]}, "properties": {"name": "横浜市立篠原西小学校　校舎１１－１", "ward": "港北区", "address": "神奈川県横浜市港北区篠原町1241-1", "haz": {"flood": 1, "landslide": 1, "hightide": 1, "quake": 1, "tsunami": 0, "fire": 0, "inland": 0, "volcano": 0}}}, {"type": "Feature", "geometry": {"type": "Point", "coordinates": [139.615244, 35.501401]}, "properties": {"name": "横浜市立篠原西小学校　校舎２", "ward": "港北区", "address": "神奈川県横浜市港北区篠原町1241-1", "haz": {"flood": 1, "landslide": 0, "hightide": 1, "quake": 1, "tsunami": 0, "fire": 0, "inland": 0, "volcano": 0}}}, {"type": "Feature", "geometry": {"type": "Point", "coordinates": [139.615035, 35.502004]}, "properties": {"name": "横浜市立篠原西小学校　校舎１", "ward": "港北区", "address": "神奈川県横浜市港北区篠原町1241-1", "haz": {"flood": 1, "landslide": 1, "hightide": 1, "quake": 1, "tsunami": 0, "fire": 0, "inland": 0, "volcano": 0}}}, {"type": "Feature", "geometry": {"type": "Point", "coordinates": [139.614644, 35.501689]}, "properties": {"name": "横浜市立篠原西小学校　体育館４", "ward": "港北区", "address": "神奈川県横浜市港北区篠原町1241-1", "haz": {"flood": 1, "landslide": 1, "hightide": 1, "quake": 1, "tsunami": 0, "fire": 0, "inland": 0, "volcano": 0}}}, {"type": "Feature", "geometry": {"type": "Point", "coordinates": [139.615432, 35.501632]}, "properties": {"name": "横浜市立篠原西小学校　校舎１１－２", "ward": "港北区", "address": "神奈川県横浜市港北区篠原町1241-1", "haz": {"flood": 1, "landslide": 0, "hightide": 1, "quake": 1, "tsunami": 0, "fire": 0, "inland": 0, "volcano": 0}}}, {"type": "Feature", "geometry": {"type": "Point", "coordinates": [139.62697, 35.50319]}, "properties": {"name": "横浜市立篠原小学校　校舎１", "ward": "港北区", "address": "神奈川県横浜市港北区篠原東3-27-1", "haz": {"flood": 1, "landslide": 1, "hightide": 1, "quake": 1, "tsunami": 0, "fire": 0, "inland": 0, "volcano": 0}}}, {"type": "Feature", "geometry": {"type": "Point", "coordinates": [139.627297, 35.502863]}, "properties": {"name": "横浜市立篠原小学校　体育館４", "ward": "港北区", "address": "神奈川県横浜市港北区篠原東3-27-1", "haz": {"flood": 1, "landslide": 1, "hightide": 1, "quake": 1, "tsunami": 0, "fire": 0, "inland": 0, "volcano": 0}}}, {"type": "Feature", "geometry": {"type": "Point", "coordinates": [139.626921, 35.502893]}, "properties": {"name": "横浜市立篠原小学校　校舎９", "ward": "港北区", "address": "神奈川県横浜市港北区篠原東3-27-1", "haz": {"flood": 1, "landslide": 1, "hightide": 1, "quake": 1, "tsunami": 0, "fire": 0, "inland": 0, "volcano": 0}}}, {"type": "Feature", "geometry": {"type": "Point", "coordinates": [139.597913, 35.505555]}, "properties": {"name": "横浜市立小机小学校　体育館２", "ward": "港北区", "address": "神奈川県横浜市港北区小机町1382-10", "haz": {"flood": 1, "landslide": 1, "hightide": 1, "quake": 1, "tsunami": 0, "fire": 0, "inland": 0, "volcano": 0}}}, {"type": "Feature", "geometry": {"type": "Point", "coordinates": [139.598203, 35.505385]}, "properties": {"name": "横浜市立小机小学校　校舎１", "ward": "港北区", "address": "神奈川県横浜市港北区小机町1382-10", "haz": {"flood": 1, "landslide": 0, "hightide": 1, "quake": 1, "tsunami": 0, "fire": 0, "inland": 0, "volcano": 0}}}, {"type": "Feature", "geometry": {"type": "Point", "coordinates": [139.587429, 35.505832]}, "properties": {"name": "横浜市立城郷中学校　校舎１２", "ward": "港北区", "address": "神奈川県横浜市港北区小机町325", "haz": {"flood": 1, "landslide": 0, "hightide": 1, "quake": 1, "tsunami": 0, "fire": 0, "inland": 0, "volcano": 0}}}, {"type": "Feature", "geometry": {"type": "Point", "coordinates": [139.587632, 35.505251]}, "properties": {"name": "横浜市立城郷中学校　体育館９－２", "ward": "港北区", "address": "神奈川県横浜市港北区小机町325", "haz": {"flood": 1, "landslide": 1, "hightide": 1, "quake": 1, "tsunami": 0, "fire": 0, "inland": 0, "volcano": 0}}}, {"type": "Feature", "geometry": {"type": "Point", "coordinates": [139.587418, 35.505234]}, "properties": {"name": "横浜市立城郷中学校　校舎９－１", "ward": "港北区", "address": "神奈川県横浜市港北区小机町325", "haz": {"flood": 1, "landslide": 1, "hightide": 1, "quake": 1, "tsunami": 0, "fire": 0, "inland": 0, "volcano": 0}}}, {"type": "Feature", "geometry": {"type": "Point", "coordinates": [139.587455, 35.505526]}, "properties": {"name": "横浜市立城郷中学校　校舎８", "ward": "港北区", "address": "神奈川県横浜市港北区小机町325", "haz": {"flood": 1, "landslide": 0, "hightide": 1, "quake": 1, "tsunami": 0, "fire": 0, "inland": 0, "volcano": 0}}}, {"type": "Feature", "geometry": {"type": "Point", "coordinates": [139.608412, 35.522471]}, "properties": {"name": "横浜市立新羽小学校　体育館２", "ward": "港北区", "address": "神奈川県横浜市港北区新羽町1452-2", "haz": {"flood": 1, "landslide": 1, "hightide": 1, "quake": 1, "tsunami": 0, "fire": 1, "inland": 0, "volcano": 0}}}, {"type": "Feature", "geometry": {"type": "Point", "coordinates": [139.607929, 35.522676]}, "properties": {"name": "横浜市立新羽小学校　校舎１", "ward": "港北区", "address": "神奈川県横浜市港北区新羽町1452-2", "haz": {"flood": 1, "landslide": 1, "hightide": 1, "quake": 1, "tsunami": 0, "fire": 1, "inland": 0, "volcano": 0}}}, {"type": "Feature", "geometry": {"type": "Point", "coordinates": [139.607999, 35.52238]}, "properties": {"name": "横浜市立新羽小学校　校舎３", "ward": "港北区", "address": "神奈川県横浜市港北区新羽町1452-2", "haz": {"flood": 1, "landslide": 1, "hightide": 1, "quake": 1, "tsunami": 0, "fire": 1, "inland": 0, "volcano": 0}}}, {"type": "Feature", "geometry": {"type": "Point", "coordinates": [139.609879, 35.53284]}, "properties": {"name": "横浜市立新田小学校　校舎１１", "ward": "港北区", "address": "神奈川県横浜市港北区新吉田町3226", "haz": {"flood": 1, "landslide": 1, "hightide": 1, "quake": 1, "tsunami": 0, "fire": 0, "inland": 0, "volcano": 0}}}, {"type": "Feature", "geometry": {"type": "Point", "coordinates": [139.609643, 35.533163]}, "properties": {"name": "横浜市立新田小学校　体育館２", "ward": "港北区", "address": "神奈川県横浜市港北区新吉田町3226", "haz": {"flood": 1, "landslide": 1, "hightide": 1, "quake": 1, "tsunami": 0, "fire": 0, "inland": 0, "volcano": 0}}}, {"type": "Feature", "geometry": {"type": "Point", "coordinates": [139.610056, 35.533281]}, "properties": {"name": "横浜市立新田小学校　校舎１", "ward": "港北区", "address": "神奈川県横浜市港北区新吉田町3226", "haz": {"flood": 1, "landslide": 1, "hightide": 1, "quake": 1, "tsunami": 0, "fire": 0, "inland": 0, "volcano": 0}}}, {"type": "Feature", "geometry": {"type": "Point", "coordinates": [139.609825, 35.533036]}, "properties": {"name": "横浜市立新田小学校　校舎１０", "ward": "港北区", "address": "神奈川県横浜市港北区新吉田町3226", "haz": {"flood": 1, "landslide": 1, "hightide": 1, "quake": 1, "tsunami": 0, "fire": 0, "inland": 0, "volcano": 0}}}, {"type": "Feature", "geometry": {"type": "Point", "coordinates": [139.612766, 35.549576]}, "properties": {"name": "横浜市立新吉田第二小学校　校舎１（３階以上）（※洪水は最大規模）", "ward": "港北区", "address": "神奈川県横浜市港北区新吉田町491-1", "haz": {"flood": 1, "landslide": 1, "hightide": 0, "quake": 1, "tsunami": 0, "fire": 0, "inland": 0, "volcano": 0}}}, {"type": "Feature", "geometry": {"type": "Point", "coordinates": [139.612836, 35.549799]}, "properties": {"name": "横浜市立新吉田第二小学校　校舎１（※洪水は計画規模）", "ward": "港北区", "address": "神奈川県横浜市港北区新吉田町491-1", "haz": {"flood": 1, "landslide": 1, "hightide": 1, "quake": 1, "tsunami": 0, "fire": 0, "inland": 0, "volcano": 0}}}, {"type": "Feature", "geometry": {"type": "Point", "coordinates": [139.612181, 35.54965]}, "properties": {"name": "横浜市立新吉田第二小学校　体育館８", "ward": "港北区", "address": "神奈川県横浜市港北区新吉田町491-1", "haz": {"flood": 0, "landslide": 1, "hightide": 1, "quake": 1, "tsunami": 0, "fire": 0, "inland": 0, "volcano": 0}}}, {"type": "Feature", "geometry": {"type": "Point", "coordinates": [139.622067, 35.541158]}, "properties": {"name": "横浜市立新田中学校　校舎３", "ward": "港北区", "address": "神奈川県横浜市港北区新吉田東5-25-1", "haz": {"flood": 1, "landslide": 1, "hightide": 1, "quake": 1, "tsunami": 0, "fire": 0, "inland": 0, "volcano": 0}}}, {"type": "Feature", "geometry": {"type": "Point", "coordinates": [139.622024, 35.540927]}, "properties": {"name": "横浜市立新田中学校　校舎１４", "ward": "港北区", "address": "神奈川県横浜市港北区新吉田東5-25-1", "haz": {"flood": 1, "landslide": 1, "hightide": 1, "quake": 1, "tsunami": 0, "fire": 0, "inland": 0, "volcano": 0}}}, {"type": "Feature", "geometry": {"type": "Point", "coordinates": [139.622051, 35.540735]}, "properties": {"name": "横浜市立新田中学校　校舎１４（３階以上）", "ward": "港北区", "address": "神奈川県横浜市港北区新吉田東5-25-1", "haz": {"flood": 1, "landslide": 1, "hightide": 0, "quake": 1, "tsunami": 0, "fire": 0, "inland": 0, "volcano": 0}}}, {"type": "Feature", "geometry": {"type": "Point", "coordinates": [139.62322, 35.540661]}, "properties": {"name": "横浜市立新田中学校　体育館３０－１", "ward": "港北区", "address": "神奈川県横浜市港北区新吉田東5-25-1", "haz": {"flood": 0, "landslide": 1, "hightide": 1, "quake": 1, "tsunami": 0, "fire": 0, "inland": 0, "volcano": 0}}}, {"type": "Feature", "geometry": {"type": "Point", "coordinates": [139.623075, 35.541272]}, "properties": {"name": "横浜市立新田中学校　校舎６（３階以上）", "ward": "港北区", "address": "神奈川県横浜市港北区新吉田東5-25-1", "haz": {"flood": 1, "landslide": 1, "hightide": 0, "quake": 1, "tsunami": 0, "fire": 0, "inland": 0, "volcano": 0}}}, {"type": "Feature", "geometry": {"type": "Point", "coordinates": [139.622721, 35.54122]}, "properties": {"name": "横浜市立新田中学校　校舎６", "ward": "港北区", "address": "神奈川県横浜市港北区新吉田東5-25-1", "haz": {"flood": 1, "landslide": 1, "hightide": 1, "quake": 1, "tsunami": 0, "fire": 0, "inland": 0, "volcano": 0}}}, {"type": "Feature", "geometry": {"type": "Point", "coordinates": [139.622378, 35.541198]}, "properties": {"name": "横浜市立新田中学校　校舎３（３階以上）", "ward": "港北区", "address": "神奈川県横浜市港北区新吉田東5-25-1", "haz": {"flood": 1, "landslide": 1, "hightide": 0, "quake": 1, "tsunami": 0, "fire": 0, "inland": 0, "volcano": 0}}}, {"type": "Feature", "geometry": {"type": "Point", "coordinates": [139.617534, 35.538441]}, "properties": {"name": "横浜市立新吉田小学校　校舎１", "ward": "港北区", "address": "神奈川県横浜市港北区新吉田東6-44-1", "haz": {"flood": 1, "landslide": 1, "hightide": 1, "quake": 1, "tsunami": 0, "fire": 0, "inland": 0, "volcano": 0}}}, {"type": "Feature", "geometry": {"type": "Point", "coordinates": [139.61822, 35.538074]}, "properties": {"name": "横浜市立新吉田小学校　体育館５－２", "ward": "港北区", "address": "神奈川県横浜市港北区新吉田東6-44-1", "haz": {"flood": 0, "landslide": 1, "hightide": 1, "quake": 1, "tsunami": 0, "fire": 0, "inland": 0, "volcano": 0}}}, {"type": "Feature", "geometry": {"type": "Point", "coordinates": [139.61821, 35.538196]}, "properties": {"name": "横浜市立新吉田小学校　校舎５－１", "ward": "港北区", "address": "神奈川県横浜市港北区新吉田東6-44-1", "haz": {"flood": 0, "landslide": 1, "hightide": 1, "quake": 1, "tsunami": 0, "fire": 0, "inland": 0, "volcano": 0}}}, {"type": "Feature", "geometry": {"type": "Point", "coordinates": [139.617904, 35.538467]}, "properties": {"name": "横浜市立新吉田小学校　校舎１（３階以上）", "ward": "港北区", "address": "神奈川県横浜市港北区新吉田東6-44-1", "haz": {"flood": 1, "landslide": 1, "hightide": 0, "quake": 1, "tsunami": 0, "fire": 0, "inland": 0, "volcano": 0}}}, {"type": "Feature", "geometry": {"type": "Point", "coordinates": [139.630196, 35.532087]}, "properties": {"name": "横浜市立大曽根小学校　校舎２", "ward": "港北区", "address": "神奈川県横浜市港北区大曽根2-31-1", "haz": {"flood": 1, "landslide": 1, "hightide": 1, "quake": 1, "tsunami": 0, "fire": 0, "inland": 0, "volcano": 0}}}, {"type": "Feature", "geometry": {"type": "Point", "coordinates": [139.630094, 35.531284]}, "properties": {"name": "横浜市立大曽根小学校　体育館４", "ward": "港北区", "address": "神奈川県横浜市港北区大曽根2-31-1", "haz": {"flood": 0, "landslide": 1, "hightide": 0, "quake": 1, "tsunami": 0, "fire": 0, "inland": 0, "volcano": 0}}}, {"type": "Feature", "geometry": {"type": "Point", "coordinates": [139.629702, 35.531738]}, "properties": {"name": "横浜市立大曽根小学校　校舎７（３階以上）", "ward": "港北区", "address": "神奈川県横浜市港北区大曽根2-31-1", "haz": {"flood": 1, "landslide": 1, "hightide": 0, "quake": 1, "tsunami": 0, "fire": 0, "inland": 0, "volcano": 0}}}, {"type": "Feature", "geometry": {"type": "Point", "coordinates": [139.629793, 35.531939]}, "properties": {"name": "横浜市立大曽根小学校　校舎７", "ward": "港北区", "address": "神奈川県横浜市港北区大曽根2-31-1", "haz": {"flood": 1, "landslide": 1, "hightide": 1, "quake": 1, "tsunami": 0, "fire": 0, "inland": 0, "volcano": 0}}}, {"type": "Feature", "geometry": {"type": "Point", "coordinates": [139.630378, 35.532039]}, "properties": {"name": "横浜市立大曽根小学校　校舎２（３階以上）", "ward": "港北区", "address": "神奈川県横浜市港北区大曽根2-31-1", "haz": {"flood": 1, "landslide": 1, "hightide": 0, "quake": 1, "tsunami": 0, "fire": 0, "inland": 0, "volcano": 0}}}, {"type": "Feature", "geometry": {"type": "Point", "coordinates": [139.626498, 35.518596]}, "properties": {"name": "横浜市立大綱小学校　体育館４", "ward": "港北区", "address": "神奈川県横浜市港北区大倉山4-2-1", "haz": {"flood": 0, "landslide": 1, "hightide": 1, "quake": 1, "tsunami": 0, "fire": 0, "inland": 0, "volcano": 0}}}, {"type": "Feature", "geometry": {"type": "Point", "coordinates": [139.625763, 35.519054]}, "properties": {"name": "横浜市立大綱小学校　校舎１－１（３階以上）", "ward": "港北区", "address": "神奈川県横浜市港北区大倉山4-2-1", "haz": {"flood": 1, "landslide": 1, "hightide": 0, "quake": 1, "tsunami": 0, "fire": 0, "inland": 0, "volcano": 0}}}, {"type": "Feature", "geometry": {"type": "Point", "coordinates": [139.625479, 35.518853]}, "properties": {"name": "横浜市立大綱小学校　校舎１－１", "ward": "港北区", "address": "神奈川県横浜市港北区大倉山4-2-1", "haz": {"flood": 1, "landslide": 1, "hightide": 1, "quake": 1, "tsunami": 0, "fire": 0, "inland": 0, "volcano": 0}}}, {"type": "Feature", "geometry": {"type": "Point", "coordinates": [139.626289, 35.518853]}, "properties": {"name": "横浜市立大綱小学校　校舎２（３階以上）", "ward": "港北区", "address": "神奈川県横浜市港北区大倉山4-2-1", "haz": {"flood": 1, "landslide": 1, "hightide": 0, "quake": 1, "tsunami": 0, "fire": 0, "inland": 0, "volcano": 0}}}, {"type": "Feature", "geometry": {"type": "Point", "coordinates": [139.626138, 35.518993]}, "properties": {"name": "横浜市立大綱小学校　校舎２", "ward": "港北区", "address": "神奈川県横浜市港北区大倉山4-2-1", "haz": {"flood": 1, "landslide": 1, "hightide": 1, "quake": 1, "tsunami": 0, "fire": 0, "inland": 0, "volcano": 0}}}, {"type": "Feature", "geometry": {"type": "Point", "coordinates": [139.61895, 35.524421]}, "properties": {"name": "横浜市立太尾小学校　校舎１－２（※洪水は計画規模）", "ward": "港北区", "address": "神奈川県横浜市港北区大倉山7-34-1", "haz": {"flood": 1, "landslide": 1, "hightide": 1, "quake": 1, "tsunami": 0, "fire": 1, "inland": 0, "volcano": 0}}}, {"type": "Feature", "geometry": {"type": "Point", "coordinates": [139.619068, 35.524225]}, "properties": {"name": "横浜市立太尾小学校　校舎１（※洪水は計画規模）", "ward": "港北区", "address": "神奈川県横浜市港北区大倉山7-34-1", "haz": {"flood": 1, "landslide": 1, "hightide": 1, "quake": 1, "tsunami": 0, "fire": 1, "inland": 0, "volcano": 0}}}, {"type": "Feature", "geometry": {"type": "Point", "coordinates": [139.61932, 35.524618]}, "properties": {"name": "横浜市立太尾小学校　体育館６（※洪水は計画規模）", "ward": "港北区", "address": "神奈川県横浜市港北区大倉山7-34-1", "haz": {"flood": 1, "landslide": 1, "hightide": 1, "quake": 1, "tsunami": 0, "fire": 1, "inland": 0, "volcano": 0}}}, {"type": "Feature", "geometry": {"type": "Point", "coordinates": [139.619781, 35.524395]}, "properties": {"name": "横浜市立太尾小学校　校舎２（※洪水は計画規模）", "ward": "港北区", "address": "神奈川県横浜市港北区大倉山7-34-1", "haz": {"flood": 1, "landslide": 1, "hightide": 1, "quake": 1, "tsunami": 0, "fire": 1, "inland": 0, "volcano": 0}}}, {"type": "Feature", "geometry": {"type": "Point", "coordinates": [139.619299, 35.524308]}, "properties": {"name": "横浜市立太尾小学校　校舎１（３階以上）（※洪水は最大規模）", "ward": "港北区", "address": "神奈川県横浜市港北区大倉山7-34-1", "haz": {"flood": 1, "landslide": 1, "hightide": 0, "quake": 1, "tsunami": 0, "fire": 0, "inland": 0, "volcano": 0}}}, {"type": "Feature", "geometry": {"type": "Point", "coordinates": [139.621887, 35.516013]}, "properties": {"name": "横浜市立大豆戸小学校　校舎１（※洪水は計画規模）", "ward": "港北区", "address": "神奈川県横浜市港北区大豆戸町759", "haz": {"flood": 1, "landslide": 1, "hightide": 1, "quake": 1, "tsunami": 0, "fire": 0, "inland": 0, "volcano": 0}}}, {"type": "Feature", "geometry": {"type": "Point", "coordinates": [139.622096, 35.51583]}, "properties": {"name": "横浜市立大豆戸小学校　校舎１（３階以上）（※洪水は最大規模）", "ward": "港北区", "address": "神奈川県横浜市港北区大豆戸町759", "haz": {"flood": 1, "landslide": 1, "hightide": 0, "quake": 1, "tsunami": 0, "fire": 0, "inland": 0, "volcano": 0}}}, {"type": "Feature", "geometry": {"type": "Point", "coordinates": [139.622101, 35.516319]}, "properties": {"name": "横浜市立大豆戸小学校　体育館７（※洪水は計画規模）", "ward": "港北区", "address": "神奈川県横浜市港北区大豆戸町759", "haz": {"flood": 1, "landslide": 1, "hightide": 1, "quake": 1, "tsunami": 0, "fire": 0, "inland": 0, "volcano": 0}}}, {"type": "Feature", "geometry": {"type": "Point", "coordinates": [139.642764, 35.528625]}, "properties": {"name": "横浜市立樽町中学校　校舎１３（２階以上）（※洪水は計画規模）", "ward": "港北区", "address": "神奈川県横浜市港北区樽町4-15-1", "haz": {"flood": 1, "landslide": 1, "hightide": 0, "quake": 1, "tsunami": 0, "fire": 0, "inland": 0, "volcano": 0}}}, {"type": "Feature", "geometry": {"type": "Point", "coordinates": [139.641836, 35.528214]}, "properties": {"name": "横浜市立樽町中学校　校舎１", "ward": "港北区", "address": "神奈川県横浜市港北区樽町4-15-1", "haz": {"flood": 1, "landslide": 1, "hightide": 1, "quake": 1, "tsunami": 0, "fire": 0, "inland": 0, "volcano": 0}}}, {"type": "Feature", "geometry": {"type": "Point", "coordinates": [139.642045, 35.528206]}, "properties": {"name": "横浜市立樽町中学校　校舎１（２階以上）（※洪水は計画規模）", "ward": "港北区", "address": "神奈川県横浜市港北区樽町4-15-1", "haz": {"flood": 1, "landslide": 1, "hightide": 0, "quake": 1, "tsunami": 0, "fire": 0, "inland": 0, "volcano": 0}}}, {"type": "Feature", "geometry": {"type": "Point", "coordinates": [139.642249, 35.528193]}, "properties": {"name": "横浜市立樽町中学校　校舎１（３階以上）（※洪水は最大規模）", "ward": "港北区", "address": "神奈川県横浜市港北区樽町4-15-1", "haz": {"flood": 1, "landslide": 1, "hightide": 0, "quake": 1, "tsunami": 0, "fire": 0, "inland": 0, "volcano": 0}}}, {"type": "Feature", "geometry": {"type": "Point", "coordinates": [139.642561, 35.528625]}, "properties": {"name": "横浜市立樽町中学校　校舎１３", "ward": "港北区", "address": "神奈川県横浜市港北区樽町4-15-1", "haz": {"flood": 1, "landslide": 1, "hightide": 1, "quake": 1, "tsunami": 0, "fire": 0, "inland": 0, "volcano": 0}}}, {"type": "Feature", "geometry": {"type": "Point", "coordinates": [139.642308, 35.528524]}, "properties": {"name": "横浜市立樽町中学校　校舎２", "ward": "港北区", "address": "神奈川県横浜市港北区樽町4-15-1", "haz": {"flood": 1, "landslide": 1, "hightide": 1, "quake": 1, "tsunami": 0, "fire": 0, "inland": 0, "volcano": 0}}}, {"type": "Feature", "geometry": {"type": "Point", "coordinates": [139.642298, 35.528433]}, "properties": {"name": "横浜市立樽町中学校　校舎２（２階以上）（※洪水は計画規模）", "ward": "港北区", "address": "神奈川県横浜市港北区樽町4-15-1", "haz": {"flood": 1, "landslide": 1, "hightide": 0, "quake": 1, "tsunami": 0, "fire": 0, "inland": 0, "volcano": 0}}}, {"type": "Feature", "geometry": {"type": "Point", "coordinates": [139.642287, 35.528341]}, "properties": {"name": "横浜市立樽町中学校　校舎２（３階以上）（※洪水は最大規模）", "ward": "港北区", "address": "神奈川県横浜市港北区樽町4-15-1", "haz": {"flood": 1, "landslide": 1, "hightide": 0, "quake": 1, "tsunami": 0, "fire": 0, "inland": 0, "volcano": 0}}}, {"type": "Feature", "geometry": {"type": "Point", "coordinates": [139.642968, 35.528682]}, "properties": {"name": "横浜市立樽町中学校　校舎２１", "ward": "港北区", "address": "神奈川県横浜市港北区樽町4-15-1", "haz": {"flood": 1, "landslide": 1, "hightide": 1, "quake": 1, "tsunami": 0, "fire": 0, "inland": 0, "volcano": 0}}}, {"type": "Feature", "geometry": {"type": "Point", "coordinates": [139.642968, 35.528599]}, "properties": {"name": "横浜市立樽町中学校　校舎２１（２階以上）（※洪水は計画規模）", "ward": "港北区", "address": "神奈川県横浜市港北区樽町４－１５－１（横浜市立樽町中学校　校舎２１（２階以上）", "haz": {"flood": 1, "landslide": 1, "hightide": 0, "quake": 1, "tsunami": 0, "fire": 0, "inland": 0, "volcano": 0}}}, {"type": "Feature", "geometry": {"type": "Point", "coordinates": [139.642013, 35.528529]}, "properties": {"name": "横浜市立樽町中学校　校舎３－２（２階以上）（※洪水は計画規模）", "ward": "港北区", "address": "神奈川県横浜市港北区樽町４－１５－１（横浜市立樽町中学校　校舎３－２（２階以上）", "haz": {"flood": 1, "landslide": 1, "hightide": 0, "quake": 1, "tsunami": 0, "fire": 0, "inland": 0, "volcano": 0}}}, {"type": "Feature", "geometry": {"type": "Point", "coordinates": [139.642164, 35.52852]}, "properties": {"name": "横浜市立樽町中学校　校舎３－２（３階以上）（※洪水は最大規模）", "ward": "港北区", "address": "神奈川県横浜市港北区樽町４－１５－１（横浜市立樽町中学校　校舎３－２（３階以上）", "haz": {"flood": 1, "landslide": 1, "hightide": 0, "quake": 1, "tsunami": 0, "fire": 0, "inland": 0, "volcano": 0}}}, {"type": "Feature", "geometry": {"type": "Point", "coordinates": [139.641831, 35.528546]}, "properties": {"name": "横浜市立樽町中学校　校舎３－２", "ward": "港北区", "address": "神奈川県横浜市港北区樽町４－１５－１（横浜市立樽町中学校　校舎３－２）", "haz": {"flood": 1, "landslide": 1, "hightide": 1, "quake": 1, "tsunami": 0, "fire": 0, "inland": 0, "volcano": 0}}}, {"type": "Feature", "geometry": {"type": "Point", "coordinates": [139.641879, 35.52876]}, "properties": {"name": "横浜市立樽町中学校　体育館８", "ward": "港北区", "address": "神奈川県横浜市港北区樽町４－１５－１（横浜市立樽町中学校　体育館８）", "haz": {"flood": 0, "landslide": 1, "hightide": 0, "quake": 1, "tsunami": 0, "fire": 0, "inland": 0, "volcano": 0}}}, {"type": "Feature", "geometry": {"type": "Point", "coordinates": [139.602967, 35.505047]}, "properties": {"name": "横浜市立城郷小学校　校舎１３（※洪水は計画規模）", "ward": "港北区", "address": "神奈川県横浜市港北区鳥山町814", "haz": {"flood": 1, "landslide": 1, "hightide": 1, "quake": 1, "tsunami": 0, "fire": 0, "inland": 0, "volcano": 0}}}, {"type": "Feature", "geometry": {"type": "Point", "coordinates": [139.602726, 35.505208]}, "properties": {"name": "横浜市立城郷小学校　校舎１０（※洪水は計画規模）", "ward": "港北区", "address": "神奈川県横浜市港北区鳥山町814", "haz": {"flood": 1, "landslide": 1, "hightide": 1, "quake": 1, "tsunami": 0, "fire": 0, "inland": 0, "volcano": 0}}}, {"type": "Feature", "geometry": {"type": "Point", "coordinates": [139.602822, 35.50516]}, "properties": {"name": "横浜市立城郷小学校　校舎１０（２階以上）（※洪水は最大規模）", "ward": "港北区", "address": "神奈川県横浜市港北区鳥山町814", "haz": {"flood": 1, "landslide": 1, "hightide": 0, "quake": 1, "tsunami": 0, "fire": 0, "inland": 0, "volcano": 0}}}, {"type": "Feature", "geometry": {"type": "Point", "coordinates": [139.602495, 35.505204]}, "properties": {"name": "横浜市立城郷小学校　校舎１５－１（※洪水は計画規模）", "ward": "港北区", "address": "神奈川県横浜市港北区鳥山町814", "haz": {"flood": 1, "landslide": 1, "hightide": 1, "quake": 1, "tsunami": 0, "fire": 0, "inland": 0, "volcano": 0}}}, {"type": "Feature", "geometry": {"type": "Point", "coordinates": [139.602415, 35.505108]}, "properties": {"name": "横浜市立城郷小学校　校舎１５－１（２階以上）（※洪水は最大規模）", "ward": "港北区", "address": "神奈川県横浜市港北区鳥山町814", "haz": {"flood": 1, "landslide": 1, "hightide": 0, "quake": 1, "tsunami": 0, "fire": 0, "inland": 0, "volcano": 0}}}, {"type": "Feature", "geometry": {"type": "Point", "coordinates": [139.60228, 35.50495]}, "properties": {"name": "横浜市立城郷小学校　校舎１９（※洪水は計画規模）", "ward": "港北区", "address": "神奈川県横浜市港北区鳥山町814", "haz": {"flood": 1, "landslide": 1, "hightide": 1, "quake": 1, "tsunami": 0, "fire": 0, "inland": 0, "volcano": 0}}}, {"type": "Feature", "geometry": {"type": "Point", "coordinates": [139.602216, 35.504872]}, "properties": {"name": "横浜市立城郷小学校　校舎１９（２階以上）（※洪水は最大規模）", "ward": "港北区", "address": "神奈川県横浜市港北区鳥山町814", "haz": {"flood": 1, "landslide": 1, "hightide": 0, "quake": 1, "tsunami": 0, "fire": 0, "inland": 0, "volcano": 0}}}, {"type": "Feature", "geometry": {"type": "Point", "coordinates": [139.60309, 35.504972]}, "properties": {"name": "横浜市立城郷小学校　体育館１３－１", "ward": "港北区", "address": "神奈川県横浜市港北区鳥山町814", "haz": {"flood": 1, "landslide": 1, "hightide": 1, "quake": 1, "tsunami": 0, "fire": 0, "inland": 0, "volcano": 0}}}, {"type": "Feature", "geometry": {"type": "Point", "coordinates": [139.657973, 35.554027]}, "properties": {"name": "横浜市立矢上小学校　校舎１２－１（※洪水は計画規模）", "ward": "港北区", "address": "神奈川県横浜市港北区日吉3-23-1", "haz": {"flood": 1, "landslide": 1, "hightide": 1, "quake": 1, "tsunami": 0, "fire": 0, "inland": 0, "volcano": 0}}}, {"type": "Feature", "geometry": {"type": "Point", "coordinates": [139.657903, 35.553852]}, "properties": {"name": "横浜市立矢上小学校　校舎１２－１（３階以上）（※洪水は最大規模）", "ward": "港北区", "address": "神奈川県横浜市港北区日吉3-23-1", "haz": {"flood": 1, "landslide": 1, "hightide": 0, "quake": 1, "tsunami": 0, "fire": 0, "inland": 0, "volcano": 0}}}, {"type": "Feature", "geometry": {"type": "Point", "coordinates": [139.657994, 35.55428]}, "properties": {"name": "横浜市立矢上小学校　体育館２－２", "ward": "港北区", "address": "神奈川県横浜市港北区日吉3-23-1", "haz": {"flood": 1, "landslide": 0, "hightide": 1, "quake": 1, "tsunami": 0, "fire": 0, "inland": 0, "volcano": 0}}}, {"type": "Feature", "geometry": {"type": "Point", "coordinates": [139.657495, 35.554123]}, "properties": {"name": "横浜市立矢上小学校　校舎１", "ward": "港北区", "address": "神奈川県横浜市港北区日吉3-23-1", "haz": {"flood": 1, "landslide": 0, "hightide": 1, "quake": 1, "tsunami": 0, "fire": 0, "inland": 0, "volcano": 0}}}, {"type": "Feature", "geometry": {"type": "Point", "coordinates": [139.657876, 35.55425]}, "properties": {"name": "横浜市立矢上小学校　校舎２－１", "ward": "港北区", "address": "神奈川県横浜市港北区日吉3-23-1", "haz": {"flood": 1, "landslide": 0, "hightide": 1, "quake": 1, "tsunami": 0, "fire": 0, "inland": 0, "volcano": 0}}}, {"type": "Feature", "geometry": {"type": "Point", "coordinates": [139.643766, 35.552386]}, "properties": {"name": "横浜市立日吉台小学校　体育館６", "ward": "港北区", "address": "神奈川県横浜市港北区日吉本町1-34-21", "haz": {"flood": 1, "landslide": 1, "hightide": 1, "quake": 1, "tsunami": 0, "fire": 0, "inland": 0, "volcano": 0}}}, {"type": "Feature", "geometry": {"type": "Point", "coordinates": [139.642924, 35.552695]}, "properties": {"name": "横浜市立日吉台小学校　校舎１４", "ward": "港北区", "address": "神奈川県横浜市港北区日吉本町1-34-21", "haz": {"flood": 1, "landslide": 1, "hightide": 1, "quake": 1, "tsunami": 0, "fire": 0, "inland": 0, "volcano": 0}}}, {"type": "Feature", "geometry": {"type": "Point", "coordinates": [139.643815, 35.552538]}, "properties": {"name": "横浜市立日吉台小学校　校舎５", "ward": "港北区", "address": "神奈川県横浜市港北区日吉本町1-34-21", "haz": {"flood": 1, "landslide": 1, "hightide": 1, "quake": 1, "tsunami": 0, "fire": 0, "inland": 0, "volcano": 0}}}, {"type": "Feature", "geometry": {"type": "Point", "coordinates": [139.643477, 35.5528]}, "properties": {"name": "横浜市立日吉台小学校　校舎３", "ward": "港北区", "address": "神奈川県横浜市港北区日吉本町1-34-21", "haz": {"flood": 1, "landslide": 1, "hightide": 1, "quake": 1, "tsunami": 0, "fire": 0, "inland": 0, "volcano": 0}}}, {"type": "Feature", "geometry": {"type": "Point", "coordinates": [139.635322, 35.552505]}, "properties": {"name": "横浜市立駒林小学校　校舎３", "ward": "港北区", "address": "神奈川県横浜市港北区日吉本町2-51-1", "haz": {"flood": 1, "landslide": 1, "hightide": 1, "quake": 1, "tsunami": 0, "fire": 0, "inland": 0, "volcano": 0}}}, {"type": "Feature", "geometry": {"type": "Point", "coordinates": [139.634753, 35.552667]}, "properties": {"name": "横浜市立駒林小学校　体育館７", "ward": "港北区", "address": "神奈川県横浜市港北区日吉本町2-51-1", "haz": {"flood": 1, "landslide": 1, "hightide": 1, "quake": 1, "tsunami": 0, "fire": 0, "inland": 0, "volcano": 0}}}, {"type": "Feature", "geometry": {"type": "Point", "coordinates": [139.635027, 35.552627]}, "properties": {"name": "横浜市立駒林小学校　校舎１５－１", "ward": "港北区", "address": "神奈川県横浜市港北区日吉本町2-51-1", "haz": {"flood": 1, "landslide": 1, "hightide": 1, "quake": 1, "tsunami": 0, "fire": 0, "inland": 0, "volcano": 0}}}, {"type": "Feature", "geometry": {"type": "Point", "coordinates": [139.635263, 35.552702]}, "properties": {"name": "横浜市立駒林小学校　校舎２－１", "ward": "港北区", "address": "神奈川県横浜市港北区日吉本町2-51-1", "haz": {"flood": 1, "landslide": 1, "hightide": 1, "quake": 1, "tsunami": 0, "fire": 0, "inland": 0, "volcano": 0}}}, {"type": "Feature", "geometry": {"type": "Point", "coordinates": [139.635166, 35.552902]}, "properties": {"name": "横浜市立駒林小学校　校舎１－１", "ward": "港北区", "address": "神奈川県横浜市港北区日吉本町2-51-1", "haz": {"flood": 1, "landslide": 1, "hightide": 1, "quake": 1, "tsunami": 0, "fire": 0, "inland": 0, "volcano": 0}}}, {"type": "Feature", "geometry": {"type": "Point", "coordinates": [139.639881, 35.544326]}, "properties": {"name": "横浜市立日吉南小学校　校舎２９（３階以上）", "ward": "港北区", "address": "神奈川県横浜市港北区日吉本町4-2-6", "haz": {"flood": 1, "landslide": 1, "hightide": 0, "quake": 1, "tsunami": 0, "fire": 0, "inland": 0, "volcano": 0}}}, {"type": "Feature", "geometry": {"type": "Point", "coordinates": [139.638712, 35.544741]}, "properties": {"name": "横浜市立日吉南小学校　体育館２－１", "ward": "港北区", "address": "神奈川県横浜市港北区日吉本町4-2-6", "haz": {"flood": 0, "landslide": 1, "hightide": 1, "quake": 1, "tsunami": 0, "fire": 0, "inland": 0, "volcano": 0}}}, {"type": "Feature", "geometry": {"type": "Point", "coordinates": [139.639946, 35.544475]}, "properties": {"name": "横浜市立日吉南小学校　校舎２９", "ward": "港北区", "address": "神奈川県横浜市港北区日吉本町4-2-6", "haz": {"flood": 1, "landslide": 1, "hightide": 1, "quake": 1, "tsunami": 0, "fire": 0, "inland": 0, "volcano": 0}}}, {"type": "Feature", "geometry": {"type": "Point", "coordinates": [139.639254, 35.544894]}, "properties": {"name": "横浜市立日吉南小学校　校舎１", "ward": "港北区", "address": "神奈川県横浜市港北区日吉本町4-2-6", "haz": {"flood": 1, "landslide": 1, "hightide": 1, "quake": 1, "tsunami": 0, "fire": 0, "inland": 0, "volcano": 0}}}, {"type": "Feature", "geometry": {"type": "Point", "coordinates": [139.639661, 35.544772]}, "properties": {"name": "横浜市立日吉南小学校　校舎１（３階以上）", "ward": "港北区", "address": "神奈川県横浜市港北区日吉本町4-2-6", "haz": {"flood": 1, "landslide": 1, "hightide": 0, "quake": 1, "tsunami": 0, "fire": 0, "inland": 0, "volcano": 0}}}, {"type": "Feature", "geometry": {"type": "Point", "coordinates": [139.638916, 35.544767]}, "properties": {"name": "横浜市立日吉南小学校　校舎１１", "ward": "港北区", "address": "神奈川県横浜市港北区日吉本町4-2-6", "haz": {"flood": 1, "landslide": 1, "hightide": 1, "quake": 1, "tsunami": 0, "fire": 0, "inland": 0, "volcano": 0}}}, {"type": "Feature", "geometry": {"type": "Point", "coordinates": [139.638851, 35.544632]}, "properties": {"name": "横浜市立日吉南小学校　校舎１１（２階以上）（※洪水は計画規模）", "ward": "港北区", "address": "神奈川県横浜市港北区日吉本町4-2-6", "haz": {"flood": 1, "landslide": 1, "hightide": 0, "quake": 1, "tsunami": 0, "fire": 0, "inland": 0, "volcano": 0}}}, {"type": "Feature", "geometry": {"type": "Point", "coordinates": [139.645167, 35.544916]}, "properties": {"name": "横浜市立箕輪小学校　校舎１", "ward": "港北区", "address": "神奈川県横浜市港北区箕輪町2-7-1", "haz": {"flood": 1, "landslide": 1, "hightide": 1, "quake": 1, "tsunami": 0, "fire": 0, "inland": 0, "volcano": 0}}}, {"type": "Feature", "geometry": {"type": "Point", "coordinates": [139.645613, 35.544832]}, "properties": {"name": "横浜市立箕輪小学校　体育館", "ward": "港北区", "address": "神奈川県横浜市港北区箕輪町2-7-1", "haz": {"flood": 1, "landslide": 1, "hightide": 1, "quake": 1, "tsunami": 0, "fire": 0, "inland": 0, "volcano": 0}}}, {"type": "Feature", "geometry": {"type": "Point", "coordinates": [139.586955, 35.488246]}, "properties": {"name": "横浜市立羽沢小学校　校舎５", "ward": "神奈川区", "address": "神奈川県横浜市神奈川区羽沢町935", "haz": {"flood": 1, "landslide": 1, "hightide": 1, "quake": 1, "tsunami": 0, "fire": 0, "inland": 0, "volcano": 0}}}, {"type": "Feature", "geometry": {"type": "Point", "coordinates": [139.586992, 35.488115]}, "properties": {"name": "横浜市立羽沢小学校　体育館５－１", "ward": "神奈川区", "address": "神奈川県横浜市神奈川区羽沢町935", "haz": {"flood": 1, "landslide": 1, "hightide": 1, "quake": 1, "tsunami": 0, "fire": 0, "inland": 0, "volcano": 0}}}, {"type": "Feature", "geometry": {"type": "Point", "coordinates": [139.587255, 35.488552]}, "properties": {"name": "横浜市立羽沢小学校　校舎１－１", "ward": "神奈川区", "address": "神奈川県横浜市神奈川区羽沢町935", "haz": {"flood": 1, "landslide": 1, "hightide": 1, "quake": 1, "tsunami": 0, "fire": 0, "inland": 0, "volcano": 0}}}, {"type": "Feature", "geometry": {"type": "Point", "coordinates": [139.636436, 35.483973]}, "properties": {"name": "横浜市立浦島小学校　体育館４－３", "ward": "神奈川区", "address": "神奈川県横浜市神奈川区浦島丘16", "haz": {"flood": 1, "landslide": 1, "hightide": 1, "quake": 1, "tsunami": 0, "fire": 1, "inland": 0, "volcano": 0}}}, {"type": "Feature", "geometry": {"type": "Point", "coordinates": [139.636645, 35.483685]}, "properties": {"name": "横浜市立浦島小学校　校舎４－２", "ward": "神奈川区", "address": "神奈川県横浜市神奈川区浦島丘16", "haz": {"flood": 1, "landslide": 1, "hightide": 1, "quake": 1, "tsunami": 0, "fire": 1, "inland": 0, "volcano": 0}}}, {"type": "Feature", "geometry": {"type": "Point", "coordinates": [139.625567, 35.473487]}, "properties": {"name": "横浜市立青木小学校　校舎１", "ward": "神奈川区", "address": "神奈川県横浜市神奈川区桐畑17", "haz": {"flood": 1, "landslide": 1, "hightide": 1, "quake": 1, "tsunami": 0, "fire": 0, "inland": 0, "volcano": 0}}}, {"type": "Feature", "geometry": {"type": "Point", "coordinates": [139.625706, 35.473482]}, "properties": {"name": "横浜市立青木小学校　校舎８－１", "ward": "神奈川区", "address": "神奈川県横浜市神奈川区桐畑17", "haz": {"flood": 1, "landslide": 1, "hightide": 1, "quake": 1, "tsunami": 0, "fire": 0, "inland": 0, "volcano": 0}}}, {"type": "Feature", "geometry": {"type": "Point", "coordinates": [139.625985, 35.473155]}, "properties": {"name": "横浜市立青木小学校　校舎１７－２", "ward": "神奈川区", "address": "神奈川県横浜市神奈川区桐畑17", "haz": {"flood": 1, "landslide": 1, "hightide": 1, "quake": 1, "tsunami": 0, "fire": 0, "inland": 0, "volcano": 0}}}, {"type": "Feature", "geometry": {"type": "Point", "coordinates": [139.626216, 35.473316]}, "properties": {"name": "横浜市立青木小学校　体育館１７－１", "ward": "神奈川区", "address": "神奈川県横浜市神奈川区桐畑17", "haz": {"flood": 1, "landslide": 1, "hightide": 1, "quake": 1, "tsunami": 0, "fire": 0, "inland": 0, "volcano": 0}}}, {"type": "Feature", "geometry": {"type": "Point", "coordinates": [139.623828, 35.47711]}, "properties": {"name": "横浜市立栗田谷中学校　体育館９", "ward": "神奈川区", "address": "神奈川県横浜市神奈川区栗田谷3-1", "haz": {"flood": 1, "landslide": 0, "hightide": 1, "quake": 1, "tsunami": 0, "fire": 0, "inland": 0, "volcano": 0}}}, {"type": "Feature", "geometry": {"type": "Point", "coordinates": [139.624391, 35.477022]}, "properties": {"name": "横浜市立栗田谷中学校　校舎１", "ward": "神奈川区", "address": "神奈川県横浜市神奈川区栗田谷3-1", "haz": {"flood": 1, "landslide": 0, "hightide": 1, "quake": 1, "tsunami": 0, "fire": 0, "inland": 0, "volcano": 0}}}, {"type": "Feature", "geometry": {"type": "Point", "coordinates": [139.631052, 35.471486]}, "properties": {"name": "横浜市立幸ケ谷小学校　校舎２１", "ward": "神奈川区", "address": "神奈川県横浜市神奈川区幸ケ谷1-1", "haz": {"flood": 1, "landslide": 1, "hightide": 1, "quake": 1, "tsunami": 1, "fire": 0, "inland": 0, "volcano": 0}}}, {"type": "Feature", "geometry": {"type": "Point", "coordinates": [139.630998, 35.471945]}, "properties": {"name": "横浜市立幸ケ谷小学校　体育館２２", "ward": "神奈川区", "address": "神奈川県横浜市神奈川区幸ケ谷1-1", "haz": {"flood": 1, "landslide": 1, "hightide": 1, "quake": 1, "tsunami": 1, "fire": 0, "inland": 0, "volcano": 0}}}, {"type": "Feature", "geometry": {"type": "Point", "coordinates": [139.630515, 35.471408]}, "properties": {"name": "横浜市立幸ケ谷小学校　校舎２４", "ward": "神奈川区", "address": "神奈川県横浜市神奈川区幸ケ谷1-1", "haz": {"flood": 1, "landslide": 1, "hightide": 1, "quake": 1, "tsunami": 1, "fire": 0, "inland": 0, "volcano": 0}}}, {"type": "Feature", "geometry": {"type": "Point", "coordinates": [139.631132, 35.471687]}, "properties": {"name": "横浜市立幸ケ谷小学校　校舎１６", "ward": "神奈川区", "address": "神奈川県横浜市神奈川区幸ケ谷1-1", "haz": {"flood": 1, "landslide": 1, "hightide": 1, "quake": 1, "tsunami": 1, "fire": 0, "inland": 0, "volcano": 0}}}, {"type": "Feature", "geometry": {"type": "Point", "coordinates": [139.623002, 35.482242]}, "properties": {"name": "横浜市立斎藤分小学校　校舎６", "ward": "神奈川区", "address": "神奈川県横浜市神奈川区斎藤分町34-1", "haz": {"flood": 1, "landslide": 1, "hightide": 1, "quake": 1, "tsunami": 0, "fire": 0, "inland": 0, "volcano": 0}}}, {"type": "Feature", "geometry": {"type": "Point", "coordinates": [139.623136, 35.481871]}, "properties": {"name": "横浜市立斎藤分小学校　体育館７", "ward": "神奈川区", "address": "神奈川県横浜市神奈川区斎藤分町34-1", "haz": {"flood": 1, "landslide": 1, "hightide": 1, "quake": 1, "tsunami": 0, "fire": 0, "inland": 0, "volcano": 0}}}, {"type": "Feature", "geometry": {"type": "Point", "coordinates": [139.623361, 35.482307]}, "properties": {"name": "横浜市立斎藤分小学校　校舎１－１", "ward": "神奈川区", "address": "神奈川県横浜市神奈川区斎藤分町34-1", "haz": {"flood": 1, "landslide": 1, "hightide": 1, "quake": 1, "tsunami": 0, "fire": 0, "inland": 0, "volcano": 0}}}, {"type": "Feature", "geometry": {"type": "Point", "coordinates": [139.615131, 35.480574]}, "properties": {"name": "横浜市立松本中学校　校舎２７－１", "ward": "神奈川区", "address": "神奈川県横浜市神奈川区三ツ沢下町30-1", "haz": {"flood": 1, "landslide": 1, "hightide": 1, "quake": 1, "tsunami": 0, "fire": 0, "inland": 0, "volcano": 0}}}, {"type": "Feature", "geometry": {"type": "Point", "coordinates": [139.615061, 35.48022]}, "properties": {"name": "横浜市立松本中学校　校舎１７－１", "ward": "神奈川区", "address": "神奈川県横浜市神奈川区三ツ沢下町30-1", "haz": {"flood": 1, "landslide": 1, "hightide": 1, "quake": 1, "tsunami": 0, "fire": 0, "inland": 0, "volcano": 0}}}, {"type": "Feature", "geometry": {"type": "Point", "coordinates": [139.614739, 35.480382]}, "properties": {"name": "横浜市立松本中学校　校舎６－２", "ward": "神奈川区", "address": "神奈川県横浜市神奈川区三ツ沢下町30-1", "haz": {"flood": 1, "landslide": 1, "hightide": 1, "quake": 1, "tsunami": 0, "fire": 0, "inland": 0, "volcano": 0}}}, {"type": "Feature", "geometry": {"type": "Point", "coordinates": [139.615292, 35.480259]}, "properties": {"name": "横浜市立松本中学校　校舎２９－１", "ward": "神奈川区", "address": "神奈川県横浜市神奈川区三ツ沢下町30-1", "haz": {"flood": 1, "landslide": 1, "hightide": 1, "quake": 1, "tsunami": 0, "fire": 0, "inland": 0, "volcano": 0}}}, {"type": "Feature", "geometry": {"type": "Point", "coordinates": [139.615624, 35.480037]}, "properties": {"name": "横浜市立松本中学校　校舎３０－１", "ward": "神奈川区", "address": "神奈川県横浜市神奈川区三ツ沢下町30-1", "haz": {"flood": 1, "landslide": 1, "hightide": 1, "quake": 1, "tsunami": 0, "fire": 0, "inland": 0, "volcano": 0}}}, {"type": "Feature", "geometry": {"type": "Point", "coordinates": [139.615817, 35.479836]}, "properties": {"name": "横浜市立松本中学校　校舎３１－１", "ward": "神奈川区", "address": "神奈川県横浜市神奈川区三ツ沢下町30-1", "haz": {"flood": 1, "landslide": 1, "hightide": 1, "quake": 1, "tsunami": 0, "fire": 0, "inland": 0, "volcano": 0}}}, {"type": "Feature", "geometry": {"type": "Point", "coordinates": [139.615485, 35.480395]}, "properties": {"name": "横浜市立松本中学校　体育館１０", "ward": "神奈川区", "address": "神奈川県横浜市神奈川区三ツ沢下町30-1", "haz": {"flood": 1, "landslide": 1, "hightide": 1, "quake": 1, "tsunami": 0, "fire": 0, "inland": 0, "volcano": 0}}}, {"type": "Feature", "geometry": {"type": "Point", "coordinates": [139.60806, 35.475766]}, "properties": {"name": "横浜市立三ツ沢小学校　校舎２５", "ward": "神奈川区", "address": "神奈川県横浜市神奈川区三ツ沢中町4-17", "haz": {"flood": 1, "landslide": 0, "hightide": 1, "quake": 1, "tsunami": 0, "fire": 0, "inland": 0, "volcano": 0}}}, {"type": "Feature", "geometry": {"type": "Point", "coordinates": [139.608645, 35.47571]}, "properties": {"name": "横浜市立三ツ沢小学校　体育館３５", "ward": "神奈川区", "address": "神奈川県横浜市神奈川区三ツ沢中町4-17", "haz": {"flood": 1, "landslide": 0, "hightide": 1, "quake": 1, "tsunami": 0, "fire": 0, "inland": 0, "volcano": 0}}}, {"type": "Feature", "geometry": {"type": "Point", "coordinates": [139.607802, 35.476142]}, "properties": {"name": "横浜市立三ツ沢小学校　校舎４", "ward": "神奈川区", "address": "神奈川県横浜市神奈川区三ツ沢中町4-17", "haz": {"flood": 1, "landslide": 1, "hightide": 1, "quake": 1, "tsunami": 0, "fire": 0, "inland": 0, "volcano": 0}}}, {"type": "Feature", "geometry": {"type": "Point", "coordinates": [139.608371, 35.476046]}, "properties": {"name": "横浜市立三ツ沢小学校　校舎２０", "ward": "神奈川区", "address": "神奈川県横浜市神奈川区三ツ沢中町4-17", "haz": {"flood": 1, "landslide": 1, "hightide": 1, "quake": 1, "tsunami": 0, "fire": 0, "inland": 0, "volcano": 0}}}, {"type": "Feature", "geometry": {"type": "Point", "coordinates": [139.65457, 35.490408]}, "properties": {"name": "横浜市立子安小学校　校舎２－１", "ward": "神奈川区", "address": "神奈川県横浜市神奈川区新子安1-36-1", "haz": {"flood": 1, "landslide": 1, "hightide": 1, "quake": 1, "tsunami": 0, "fire": 0, "inland": 0, "volcano": 0}}}, {"type": "Feature", "geometry": {"type": "Point", "coordinates": [139.654876, 35.49074]}, "properties": {"name": "横浜市立子安小学校　体育館３－１", "ward": "神奈川区", "address": "神奈川県横浜市神奈川区新子安1-36-1", "haz": {"flood": 1, "landslide": 1, "hightide": 1, "quake": 1, "tsunami": 0, "fire": 0, "inland": 0, "volcano": 0}}}, {"type": "Feature", "geometry": {"type": "Point", "coordinates": [139.65508, 35.490264]}, "properties": {"name": "横浜市立子安小学校　校舎１－１", "ward": "神奈川区", "address": "神奈川県横浜市神奈川区新子安1-36-1", "haz": {"flood": 1, "landslide": 1, "hightide": 1, "quake": 1, "tsunami": 0, "fire": 0, "inland": 0, "volcano": 0}}}, {"type": "Feature", "geometry": {"type": "Point", "coordinates": [139.612208, 35.485031]}, "properties": {"name": "横浜市立南神大寺小学校　校舎１", "ward": "神奈川区", "address": "神奈川県横浜市神奈川区神大寺2-9-16", "haz": {"flood": 1, "landslide": 1, "hightide": 1, "quake": 1, "tsunami": 0, "fire": 1, "inland": 0, "volcano": 0}}}, {"type": "Feature", "geometry": {"type": "Point", "coordinates": [139.612342, 35.485515]}, "properties": {"name": "横浜市立南神大寺小学校　体育館２", "ward": "神奈川区", "address": "神奈川県横浜市神奈川区神大寺2-9-16", "haz": {"flood": 1, "landslide": 1, "hightide": 1, "quake": 1, "tsunami": 0, "fire": 1, "inland": 0, "volcano": 0}}}, {"type": "Feature", "geometry": {"type": "Point", "coordinates": [139.602862, 35.482247]}, "properties": {"name": "横浜市立中丸小学校　校舎１", "ward": "神奈川区", "address": "神奈川県横浜市神奈川区神大寺3-17-1", "haz": {"flood": 1, "landslide": 1, "hightide": 1, "quake": 1, "tsunami": 0, "fire": 0, "inland": 0, "volcano": 0}}}, {"type": "Feature", "geometry": {"type": "Point", "coordinates": [139.603275, 35.482038]}, "properties": {"name": "横浜市立中丸小学校　体育館４－１", "ward": "神奈川区", "address": "神奈川県横浜市神奈川区神大寺3-17-1", "haz": {"flood": 1, "landslide": 0, "hightide": 1, "quake": 1, "tsunami": 0, "fire": 0, "inland": 0, "volcano": 0}}}, {"type": "Feature", "geometry": {"type": "Point", "coordinates": [139.609395, 35.48772]}, "properties": {"name": "横浜市立神大寺小学校　校舎１８－１", "ward": "神奈川区", "address": "神奈川県横浜市神奈川区神大寺3-34-1", "haz": {"flood": 1, "landslide": 1, "hightide": 1, "quake": 1, "tsunami": 0, "fire": 0, "inland": 0, "volcano": 0}}}, {"type": "Feature", "geometry": {"type": "Point", "coordinates": [139.609593, 35.487672]}, "properties": {"name": "横浜市立神大寺小学校　体育館１８－２", "ward": "神奈川区", "address": "神奈川県横浜市神奈川区神大寺3-34-1", "haz": {"flood": 1, "landslide": 1, "hightide": 1, "quake": 1, "tsunami": 0, "fire": 0, "inland": 0, "volcano": 0}}}, {"type": "Feature", "geometry": {"type": "Point", "coordinates": [139.60858, 35.487816]}, "properties": {"name": "横浜市立神大寺小学校　校舎５", "ward": "神奈川区", "address": "神奈川県横浜市神奈川区神大寺3-34-1", "haz": {"flood": 1, "landslide": 1, "hightide": 1, "quake": 1, "tsunami": 0, "fire": 0, "inland": 0, "volcano": 0}}}, {"type": "Feature", "geometry": {"type": "Point", "coordinates": [139.608955, 35.487872]}, "properties": {"name": "横浜市立神大寺小学校　校舎９", "ward": "神奈川区", "address": "神奈川県横浜市神奈川区神大寺3-34-1", "haz": {"flood": 1, "landslide": 1, "hightide": 1, "quake": 1, "tsunami": 0, "fire": 0, "inland": 0, "volcano": 0}}}, {"type": "Feature", "geometry": {"type": "Point", "coordinates": [139.585936, 35.496163]}, "properties": {"name": "横浜市立菅田の丘小学校　校舎１", "ward": "神奈川区", "address": "神奈川県横浜市神奈川区菅田町1393", "haz": {"flood": 1, "landslide": 1, "hightide": 1, "quake": 1, "tsunami": 0, "fire": 0, "inland": 0, "volcano": 0}}}, {"type": "Feature", "geometry": {"type": "Point", "coordinates": [139.585995, 35.496469]}, "properties": {"name": "横浜市立菅田の丘小学校　体育館", "ward": "神奈川区", "address": "神奈川県横浜市神奈川区菅田町1393", "haz": {"flood": 1, "landslide": 1, "hightide": 1, "quake": 1, "tsunami": 0, "fire": 0, "inland": 0, "volcano": 0}}}, {"type": "Feature", "geometry": {"type": "Point", "coordinates": [139.578179, 35.496198]}, "properties": {"name": "横浜市立旧菅田小学校　校舎１", "ward": "神奈川区", "address": "神奈川県横浜市神奈川区菅田町674", "haz": {"flood": 1, "landslide": 1, "hightide": 1, "quake": 1, "tsunami": 0, "fire": 1, "inland": 0, "volcano": 0}}}, {"type": "Feature", "geometry": {"type": "Point", "coordinates": [139.578103, 35.496464]}, "properties": {"name": "横浜市立旧菅田小学校　体育館", "ward": "神奈川区", "address": "神奈川県横浜市神奈川区菅田町674", "haz": {"flood": 1, "landslide": 1, "hightide": 1, "quake": 1, "tsunami": 0, "fire": 1, "inland": 0, "volcano": 0}}}, {"type": "Feature", "geometry": {"type": "Point", "coordinates": [139.646672, 35.49934]}, "properties": {"name": "横浜市立西寺尾第二小学校　校舎２１－２", "ward": "神奈川区", "address": "神奈川県横浜市神奈川区西寺尾2-15-1", "haz": {"flood": 1, "landslide": 1, "hightide": 1, "quake": 1, "tsunami": 0, "fire": 0, "inland": 0, "volcano": 0}}}, {"type": "Feature", "geometry": {"type": "Point", "coordinates": [139.646339, 35.499252]}, "properties": {"name": "横浜市立西寺尾第二小学校　校舎２０－２", "ward": "神奈川区", "address": "神奈川県横浜市神奈川区西寺尾2-15-1", "haz": {"flood": 1, "landslide": 1, "hightide": 1, "quake": 1, "tsunami": 0, "fire": 0, "inland": 0, "volcano": 0}}}, {"type": "Feature", "geometry": {"type": "Point", "coordinates": [139.646452, 35.499283]}, "properties": {"name": "横浜市立西寺尾第二小学校　体育館２０－１", "ward": "神奈川区", "address": "神奈川県横浜市神奈川区西寺尾2-15-1", "haz": {"flood": 1, "landslide": 1, "hightide": 1, "quake": 1, "tsunami": 0, "fire": 0, "inland": 0, "volcano": 0}}}, {"type": "Feature", "geometry": {"type": "Point", "coordinates": [139.64687, 35.499073]}, "properties": {"name": "横浜市立西寺尾第二小学校　校舎２３", "ward": "神奈川区", "address": "神奈川県横浜市神奈川区西寺尾2-15-1", "haz": {"flood": 1, "landslide": 1, "hightide": 1, "quake": 1, "tsunami": 0, "fire": 0, "inland": 0, "volcano": 0}}}, {"type": "Feature", "geometry": {"type": "Point", "coordinates": [139.646586, 35.498986]}, "properties": {"name": "横浜市立西寺尾第二小学校　校舎２２", "ward": "神奈川区", "address": "神奈川県横浜市神奈川区西寺尾2-15-1", "haz": {"flood": 1, "landslide": 1, "hightide": 1, "quake": 1, "tsunami": 0, "fire": 0, "inland": 0, "volcano": 0}}}, {"type": "Feature", "geometry": {"type": "Point", "coordinates": [139.645747, 35.497256]}, "properties": {"name": "横浜市立西寺尾小学校　校舎１－１", "ward": "神奈川区", "address": "神奈川県横浜市神奈川区西寺尾2-5-1", "haz": {"flood": 1, "landslide": 1, "hightide": 1, "quake": 1, "tsunami": 0, "fire": 0, "inland": 0, "volcano": 0}}}, {"type": "Feature", "geometry": {"type": "Point", "coordinates": [139.645269, 35.497221]}, "properties": {"name": "横浜市立西寺尾小学校　体育館１－２", "ward": "神奈川区", "address": "神奈川県横浜市神奈川区西寺尾2-5-1", "haz": {"flood": 1, "landslide": 1, "hightide": 1, "quake": 1, "tsunami": 0, "fire": 0, "inland": 0, "volcano": 0}}}, {"type": "Feature", "geometry": {"type": "Point", "coordinates": [139.650975, 35.49588]}, "properties": {"name": "横浜市立錦台中学校　校舎２１－１", "ward": "神奈川区", "address": "神奈川県横浜市神奈川区西寺尾3-10-1", "haz": {"flood": 1, "landslide": 1, "hightide": 1, "quake": 1, "tsunami": 0, "fire": 1, "inland": 0, "volcano": 0}}}, {"type": "Feature", "geometry": {"type": "Point", "coordinates": [139.651098, 35.496492]}, "properties": {"name": "横浜市立錦台中学校　校舎２１－３", "ward": "神奈川区", "address": "神奈川県横浜市神奈川区西寺尾3-10-1", "haz": {"flood": 1, "landslide": 0, "hightide": 1, "quake": 1, "tsunami": 0, "fire": 1, "inland": 0, "volcano": 0}}}, {"type": "Feature", "geometry": {"type": "Point", "coordinates": [139.651114, 35.496322]}, "properties": {"name": "横浜市立錦台中学校　体育館２１－４", "ward": "神奈川区", "address": "神奈川県横浜市神奈川区西寺尾3-10-1", "haz": {"flood": 1, "landslide": 0, "hightide": 1, "quake": 1, "tsunami": 0, "fire": 1, "inland": 0, "volcano": 0}}}, {"type": "Feature", "geometry": {"type": "Point", "coordinates": [139.650631, 35.496247]}, "properties": {"name": "横浜市立錦台中学校　校舎２１－２", "ward": "神奈川区", "address": "神奈川県横浜市神奈川区西寺尾3-10-1", "haz": {"flood": 1, "landslide": 0, "hightide": 1, "quake": 1, "tsunami": 0, "fire": 1, "inland": 0, "volcano": 0}}}, {"type": "Feature", "geometry": {"type": "Point", "coordinates": [139.638605, 35.491944]}, "properties": {"name": "横浜市立神奈川中学校　体育館２８－１", "ward": "神奈川区", "address": "神奈川県横浜市神奈川区西大口141", "haz": {"flood": 1, "landslide": 1, "hightide": 1, "quake": 1, "tsunami": 0, "fire": 0, "inland": 0, "volcano": 0}}}, {"type": "Feature", "geometry": {"type": "Point", "coordinates": [139.638213, 35.492337]}, "properties": {"name": "横浜市立神奈川中学校　校舎２６", "ward": "神奈川区", "address": "神奈川県横浜市神奈川区西大口141", "haz": {"flood": 1, "landslide": 0, "hightide": 1, "quake": 1, "tsunami": 0, "fire": 0, "inland": 0, "volcano": 0}}}, {"type": "Feature", "geometry": {"type": "Point", "coordinates": [139.638471, 35.4917]}, "properties": {"name": "横浜市立神奈川中学校　校舎２７", "ward": "神奈川区", "address": "神奈川県横浜市神奈川区西大口141", "haz": {"flood": 1, "landslide": 1, "hightide": 1, "quake": 1, "tsunami": 0, "fire": 0, "inland": 0, "volcano": 0}}}, {"type": "Feature", "geometry": {"type": "Point", "coordinates": [139.637345, 35.495433]}, "properties": {"name": "横浜市立大口台小学校　校舎１０", "ward": "神奈川区", "address": "神奈川県横浜市神奈川区大口仲町460", "haz": {"flood": 1, "landslide": 0, "hightide": 1, "quake": 1, "tsunami": 0, "fire": 0, "inland": 0, "volcano": 0}}}, {"type": "Feature", "geometry": {"type": "Point", "coordinates": [139.637779, 35.495503]}, "properties": {"name": "横浜市立大口台小学校　校舎９", "ward": "神奈川区", "address": "神奈川県横浜市神奈川区大口仲町460", "haz": {"flood": 1, "landslide": 1, "hightide": 1, "quake": 1, "tsunami": 0, "fire": 0, "inland": 0, "volcano": 0}}}, {"type": "Feature", "geometry": {"type": "Point", "coordinates": [139.638219, 35.495813]}, "properties": {"name": "横浜市立大口台小学校　体育館１６", "ward": "神奈川区", "address": "神奈川県横浜市神奈川区大口仲町460", "haz": {"flood": 1, "landslide": 1, "hightide": 1, "quake": 1, "tsunami": 0, "fire": 0, "inland": 0, "volcano": 0}}}, {"type": "Feature", "geometry": {"type": "Point", "coordinates": [139.635728, 35.4773]}, "properties": {"name": "横浜市立神奈川小学校　校舎５－１", "ward": "神奈川区", "address": "神奈川県横浜市神奈川区東神奈川2-35-1", "haz": {"flood": 1, "landslide": 1, "hightide": 1, "quake": 1, "tsunami": 1, "fire": 0, "inland": 0, "volcano": 0}}}, {"type": "Feature", "geometry": {"type": "Point", "coordinates": [139.635642, 35.477776]}, "properties": {"name": "横浜市立神奈川小学校　体育館３－１", "ward": "神奈川区", "address": "神奈川県横浜市神奈川区東神奈川2-35-1", "haz": {"flood": 1, "landslide": 1, "hightide": 1, "quake": 1, "tsunami": 1, "fire": 0, "inland": 0, "volcano": 0}}}, {"type": "Feature", "geometry": {"type": "Point", "coordinates": [139.635578, 35.477518]}, "properties": {"name": "横浜市立神奈川小学校　校舎２－１", "ward": "神奈川区", "address": "神奈川県横浜市神奈川区東神奈川2-35-1", "haz": {"flood": 1, "landslide": 1, "hightide": 1, "quake": 1, "tsunami": 1, "fire": 0, "inland": 0, "volcano": 0}}}, {"type": "Feature", "geometry": {"type": "Point", "coordinates": [139.635948, 35.477514]}, "properties": {"name": "横浜市立神奈川小学校　校舎１－１", "ward": "神奈川区", "address": "神奈川県横浜市神奈川区東神奈川2-35-1", "haz": {"flood": 1, "landslide": 1, "hightide": 1, "quake": 1, "tsunami": 1, "fire": 0, "inland": 0, "volcano": 0}}}, {"type": "Feature", "geometry": {"type": "Point", "coordinates": [139.631851, 35.492048]}, "properties": {"name": "横浜市立白幡小学校　体育館２５", "ward": "神奈川区", "address": "神奈川県横浜市神奈川区白幡上町11-1", "haz": {"flood": 1, "landslide": 1, "hightide": 1, "quake": 1, "tsunami": 0, "fire": 0, "inland": 0, "volcano": 0}}}, {"type": "Feature", "geometry": {"type": "Point", "coordinates": [139.632194, 35.491388]}, "properties": {"name": "横浜市立白幡小学校　校舎２０", "ward": "神奈川区", "address": "神奈川県横浜市神奈川区白幡上町11-1", "haz": {"flood": 1, "landslide": 1, "hightide": 1, "quake": 1, "tsunami": 0, "fire": 0, "inland": 0, "volcano": 0}}}, {"type": "Feature", "geometry": {"type": "Point", "coordinates": [139.631717, 35.491388]}, "properties": {"name": "横浜市立白幡小学校　校舎２１－１", "ward": "神奈川区", "address": "神奈川県横浜市神奈川区白幡上町11-1", "haz": {"flood": 1, "landslide": 1, "hightide": 1, "quake": 1, "tsunami": 0, "fire": 0, "inland": 0, "volcano": 0}}}, {"type": "Feature", "geometry": {"type": "Point", "coordinates": [139.641719, 35.486055]}, "properties": {"name": "横浜市立浦島丘中学校　体育館１２－１", "ward": "神奈川区", "address": "神奈川県横浜市神奈川区白幡東町27-1", "haz": {"flood": 1, "landslide": 1, "hightide": 1, "quake": 1, "tsunami": 0, "fire": 1, "inland": 0, "volcano": 0}}}, {"type": "Feature", "geometry": {"type": "Point", "coordinates": [139.640705, 35.485932]}, "properties": {"name": "横浜市立浦島丘中学校　校舎２１", "ward": "神奈川区", "address": "神奈川県横浜市神奈川区白幡東町27-1", "haz": {"flood": 1, "landslide": 1, "hightide": 1, "quake": 1, "tsunami": 0, "fire": 1, "inland": 0, "volcano": 0}}}, {"type": "Feature", "geometry": {"type": "Point", "coordinates": [139.641858, 35.485893]}, "properties": {"name": "横浜市立浦島丘中学校　校舎７－４", "ward": "神奈川区", "address": "神奈川県横浜市神奈川区白幡東町27-1", "haz": {"flood": 1, "landslide": 1, "hightide": 1, "quake": 1, "tsunami": 0, "fire": 1, "inland": 0, "volcano": 0}}}, {"type": "Feature", "geometry": {"type": "Point", "coordinates": [139.641188, 35.485793]}, "properties": {"name": "横浜市立浦島丘中学校　校舎１８", "ward": "神奈川区", "address": "神奈川県横浜市神奈川区白幡東町27-1", "haz": {"flood": 1, "landslide": 0, "hightide": 1, "quake": 1, "tsunami": 0, "fire": 1, "inland": 0, "volcano": 0}}}, {"type": "Feature", "geometry": {"type": "Point", "coordinates": [139.628997, 35.480686]}, "properties": {"name": "横浜市立二谷小学校　校舎４－１", "ward": "神奈川区", "address": "神奈川県横浜市神奈川区平川町11-1", "haz": {"flood": 1, "landslide": 1, "hightide": 1, "quake": 1, "tsunami": 0, "fire": 1, "inland": 0, "volcano": 0}}}, {"type": "Feature", "geometry": {"type": "Point", "coordinates": [139.629024, 35.480341]}, "properties": {"name": "横浜市立二谷小学校　体育館１４", "ward": "神奈川区", "address": "神奈川県横浜市神奈川区平川町11-1", "haz": {"flood": 1, "landslide": 1, "hightide": 1, "quake": 1, "tsunami": 0, "fire": 1, "inland": 0, "volcano": 0}}}, {"type": "Feature", "geometry": {"type": "Point", "coordinates": [139.62838, 35.480354]}, "properties": {"name": "横浜市立二谷小学校　校舎８", "ward": "神奈川区", "address": "神奈川県横浜市神奈川区平川町11-1", "haz": {"flood": 1, "landslide": 1, "hightide": 1, "quake": 1, "tsunami": 0, "fire": 1, "inland": 0, "volcano": 0}}}, {"type": "Feature", "geometry": {"type": "Point", "coordinates": [139.628536, 35.480669]}, "properties": {"name": "横浜市立二谷小学校　校舎５", "ward": "神奈川区", "address": "神奈川県横浜市神奈川区平川町11-1", "haz": {"flood": 1, "landslide": 1, "hightide": 1, "quake": 1, "tsunami": 0, "fire": 1, "inland": 0, "volcano": 0}}}, {"type": "Feature", "geometry": {"type": "Point", "coordinates": [139.621566, 35.48985]}, "properties": {"name": "横浜市立神橋小学校　校舎９", "ward": "神奈川区", "address": "神奈川県横浜市神奈川区六角橋2-34-19", "haz": {"flood": 1, "landslide": 0, "hightide": 1, "quake": 1, "tsunami": 0, "fire": 0, "inland": 0, "volcano": 0}}}, {"type": "Feature", "geometry": {"type": "Point", "coordinates": [139.621072, 35.489937]}, "properties": {"name": "横浜市立神橋小学校　校舎１７－１", "ward": "神奈川区", "address": "神奈川県横浜市神奈川区六角橋2-34-19", "haz": {"flood": 1, "landslide": 0, "hightide": 1, "quake": 1, "tsunami": 0, "fire": 0, "inland": 0, "volcano": 0}}}, {"type": "Feature", "geometry": {"type": "Point", "coordinates": [139.620402, 35.489937]}, "properties": {"name": "横浜市立神橋小学校　校舎１８－１", "ward": "神奈川区", "address": "神奈川県横浜市神奈川区六角橋2-34-19", "haz": {"flood": 1, "landslide": 1, "hightide": 1, "quake": 1, "tsunami": 0, "fire": 0, "inland": 0, "volcano": 0}}}, {"type": "Feature", "geometry": {"type": "Point", "coordinates": [139.620423, 35.489741]}, "properties": {"name": "横浜市立神橋小学校　校舎１９－１", "ward": "神奈川区", "address": "神奈川県横浜市神奈川区六角橋2-34-19", "haz": {"flood": 1, "landslide": 1, "hightide": 1, "quake": 1, "tsunami": 0, "fire": 0, "inland": 0, "volcano": 0}}}, {"type": "Feature", "geometry": {"type": "Point", "coordinates": [139.621695, 35.489601]}, "properties": {"name": "横浜市立神橋小学校　体育館８－１", "ward": "神奈川区", "address": "神奈川県横浜市神奈川区六角橋2-34-19", "haz": {"flood": 1, "landslide": 1, "hightide": 1, "quake": 1, "tsunami": 0, "fire": 0, "inland": 0, "volcano": 0}}}, {"type": "Feature", "geometry": {"type": "Point", "coordinates": [139.614136, 35.490936]}, "properties": {"name": "横浜市立六角橋中学校　校舎３５－１", "ward": "神奈川区", "address": "神奈川県横浜市神奈川区六角橋5-33-1", "haz": {"flood": 1, "landslide": 1, "hightide": 1, "quake": 1, "tsunami": 0, "fire": 1, "inland": 0, "volcano": 0}}}, {"type": "Feature", "geometry": {"type": "Point", "coordinates": [139.613524, 35.490875]}, "properties": {"name": "横浜市立六角橋中学校　体育館３７－１", "ward": "神奈川区", "address": "神奈川県横浜市神奈川区六角橋5-33-1", "haz": {"flood": 1, "landslide": 1, "hightide": 1, "quake": 1, "tsunami": 0, "fire": 1, "inland": 0, "volcano": 0}}}, {"type": "Feature", "geometry": {"type": "Point", "coordinates": [139.613765, 35.490718]}, "properties": {"name": "横浜市立六角橋中学校　校舎６", "ward": "神奈川区", "address": "神奈川県横浜市神奈川区六角橋5-33-1", "haz": {"flood": 1, "landslide": 1, "hightide": 1, "quake": 1, "tsunami": 0, "fire": 1, "inland": 0, "volcano": 0}}}, {"type": "Feature", "geometry": {"type": "Point", "coordinates": [139.61376, 35.490412]}, "properties": {"name": "横浜市立六角橋中学校　校舎１８－１", "ward": "神奈川区", "address": "神奈川県横浜市神奈川区六角橋5-33-1", "haz": {"flood": 1, "landslide": 1, "hightide": 1, "quake": 1, "tsunami": 0, "fire": 1, "inland": 0, "volcano": 0}}}, {"type": "Feature", "geometry": {"type": "Point", "coordinates": [139.614157, 35.490543]}, "properties": {"name": "横浜市立六角橋中学校　校舎３６", "ward": "神奈川区", "address": "神奈川県横浜市神奈川区六角橋5-33-1", "haz": {"flood": 1, "landslide": 1, "hightide": 1, "quake": 1, "tsunami": 0, "fire": 1, "inland": 0, "volcano": 0}}}, {"type": "Feature", "geometry": {"type": "Point", "coordinates": [139.675344, 35.522635]}, "properties": {"name": "横浜市立下末吉小学校　校舎１０（２階以上）（※洪水は計画規模）", "ward": "鶴見区", "address": "神奈川県横浜市鶴見区下末吉2-25-6", "haz": {"flood": 1, "landslide": 1, "hightide": 1, "quake": 1, "tsunami": 0, "fire": 0, "inland": 0, "volcano": 0}}}, {"type": "Feature", "geometry": {"type": "Point", "coordinates": [139.675323, 35.522727]}, "properties": {"name": "横浜市立下末吉小学校　校舎１０", "ward": "鶴見区", "address": "神奈川県横浜市鶴見区下末吉2-25-6", "haz": {"flood": 1, "landslide": 1, "hightide": 1, "quake": 1, "tsunami": 0, "fire": 0, "inland": 0, "volcano": 0}}}, {"type": "Feature", "geometry": {"type": "Point", "coordinates": [139.6752, 35.522854]}, "properties": {"name": "横浜市立下末吉小学校　校舎８（３階以上）", "ward": "鶴見区", "address": "神奈川県横浜市鶴見区下末吉2-25-6", "haz": {"flood": 1, "landslide": 1, "hightide": 1, "quake": 1, "tsunami": 0, "fire": 0, "inland": 0, "volcano": 0}}}, {"type": "Feature", "geometry": {"type": "Point", "coordinates": [139.674931, 35.52281]}, "properties": {"name": "横浜市立下末吉小学校　校舎８", "ward": "鶴見区", "address": "神奈川県横浜市鶴見区下末吉2-25-6", "haz": {"flood": 1, "landslide": 1, "hightide": 1, "quake": 1, "tsunami": 0, "fire": 0, "inland": 0, "volcano": 0}}}, {"type": "Feature", "geometry": {"type": "Point", "coordinates": [139.674583, 35.522701]}, "properties": {"name": "横浜市立下末吉小学校　体育館６", "ward": "鶴見区", "address": "神奈川県横浜市鶴見区下末吉2-25-6", "haz": {"flood": 0, "landslide": 1, "hightide": 1, "quake": 1, "tsunami": 0, "fire": 0, "inland": 0, "volcano": 0}}}, {"type": "Feature", "geometry": {"type": "Point", "coordinates": [139.675366, 35.522535]}, "properties": {"name": "横浜市立下末吉小学校　校舎１０（３階以上）（※洪水は最大規模）", "ward": "鶴見区", "address": "神奈川県横浜市鶴見区下末吉2-25-6", "haz": {"flood": 1, "landslide": 1, "hightide": 1, "quake": 1, "tsunami": 0, "fire": 0, "inland": 0, "volcano": 0}}}, {"type": "Feature", "geometry": {"type": "Point", "coordinates": [139.663792, 35.523168]}, "properties": {"name": "横浜市立末吉中学校　体育館７－１", "ward": "鶴見区", "address": "神奈川県横浜市鶴見区下末吉6-13-1", "haz": {"flood": 1, "landslide": 1, "hightide": 1, "quake": 1, "tsunami": 0, "fire": 1, "inland": 0, "volcano": 0}}}, {"type": "Feature", "geometry": {"type": "Point", "coordinates": [139.663905, 35.522797]}, "properties": {"name": "横浜市立末吉中学校　校舎２１", "ward": "鶴見区", "address": "神奈川県横浜市鶴見区下末吉6-13-1", "haz": {"flood": 1, "landslide": 0, "hightide": 1, "quake": 1, "tsunami": 0, "fire": 1, "inland": 0, "volcano": 0}}}, {"type": "Feature", "geometry": {"type": "Point", "coordinates": [139.66421, 35.52346]}, "properties": {"name": "横浜市立末吉中学校　校舎１６", "ward": "鶴見区", "address": "神奈川県横浜市鶴見区下末吉6-13-1", "haz": {"flood": 1, "landslide": 1, "hightide": 1, "quake": 1, "tsunami": 0, "fire": 1, "inland": 0, "volcano": 0}}}, {"type": "Feature", "geometry": {"type": "Point", "coordinates": [139.66435, 35.523133]}, "properties": {"name": "横浜市立末吉中学校　校舎８－１", "ward": "鶴見区", "address": "神奈川県横浜市鶴見区下末吉6-13-1", "haz": {"flood": 1, "landslide": 1, "hightide": 1, "quake": 1, "tsunami": 0, "fire": 1, "inland": 0, "volcano": 0}}}, {"type": "Feature", "geometry": {"type": "Point", "coordinates": [139.663765, 35.52343]}, "properties": {"name": "横浜市立末吉中学校　校舎２２", "ward": "鶴見区", "address": "神奈川県横浜市鶴見区下末吉6-13-1", "haz": {"flood": 1, "landslide": 1, "hightide": 1, "quake": 1, "tsunami": 0, "fire": 1, "inland": 0, "volcano": 0}}}, {"type": "Feature", "geometry": {"type": "Point", "coordinates": [139.681282, 35.500192]}, "properties": {"name": "横浜市立下野谷小学校　校舎２６", "ward": "鶴見区", "address": "神奈川県横浜市鶴見区下野谷町2-49", "haz": {"flood": 1, "landslide": 1, "hightide": 1, "quake": 1, "tsunami": 1, "fire": 0, "inland": 0, "volcano": 0}}}, {"type": "Feature", "geometry": {"type": "Point", "coordinates": [139.681083, 35.500269]}, "properties": {"name": "横浜市立下野谷小学校　校舎９（３階以上）（※洪水は最大規模）", "ward": "鶴見区", "address": "神奈川県横浜市鶴見区下野谷町2-49", "haz": {"flood": 1, "landslide": 1, "hightide": 1, "quake": 1, "tsunami": 0, "fire": 0, "inland": 0, "volcano": 0}}}, {"type": "Feature", "geometry": {"type": "Point", "coordinates": [139.681045, 35.500287]}, "properties": {"name": "横浜市立下野谷小学校　校舎９（２階以上）（※洪水は計画規模）", "ward": "鶴見区", "address": "神奈川県横浜市鶴見区下野谷町2-49", "haz": {"flood": 1, "landslide": 1, "hightide": 1, "quake": 1, "tsunami": 0, "fire": 0, "inland": 0, "volcano": 0}}}, {"type": "Feature", "geometry": {"type": "Point", "coordinates": [139.680997, 35.500321]}, "properties": {"name": "横浜市立下野谷小学校　校舎９", "ward": "鶴見区", "address": "神奈川県横浜市鶴見区下野谷町2-49", "haz": {"flood": 1, "landslide": 1, "hightide": 1, "quake": 1, "tsunami": 1, "fire": 0, "inland": 0, "volcano": 0}}}, {"type": "Feature", "geometry": {"type": "Point", "coordinates": [139.68141, 35.50014]}, "properties": {"name": "横浜市立下野谷小学校　校舎２６（２階以上）（※洪水は計画規模）", "ward": "鶴見区", "address": "神奈川県横浜市鶴見区下野谷町2-49", "haz": {"flood": 1, "landslide": 1, "hightide": 1, "quake": 1, "tsunami": 0, "fire": 0, "inland": 0, "volcano": 0}}}, {"type": "Feature", "geometry": {"type": "Point", "coordinates": [139.681555, 35.500083]}, "properties": {"name": "横浜市立下野谷小学校　校舎２６（３階以上）（※洪水は最大規模）", "ward": "鶴見区", "address": "神奈川県横浜市鶴見区下野谷町2-49", "haz": {"flood": 1, "landslide": 1, "hightide": 1, "quake": 1, "tsunami": 0, "fire": 0, "inland": 0, "volcano": 0}}}, {"type": "Feature", "geometry": {"type": "Point", "coordinates": [139.681582, 35.500385]}, "properties": {"name": "横浜市立下野谷小学校　校舎２７－１", "ward": "鶴見区", "address": "神奈川県横浜市鶴見区下野谷町2-49", "haz": {"flood": 0, "landslide": 1, "hightide": 1, "quake": 1, "tsunami": 1, "fire": 0, "inland": 0, "volcano": 0}}}, {"type": "Feature", "geometry": {"type": "Point", "coordinates": [139.681738, 35.500328]}, "properties": {"name": "横浜市立下野谷小学校　体育館２７－２（※洪水は計画規模）", "ward": "鶴見区", "address": "神奈川県横浜市鶴見区下野谷町2-49", "haz": {"flood": 1, "landslide": 1, "hightide": 1, "quake": 1, "tsunami": 1, "fire": 0, "inland": 0, "volcano": 0}}}, {"type": "Feature", "geometry": {"type": "Point", "coordinates": [139.699878, 35.501811]}, "properties": {"name": "横浜市立寛政中学校　校舎１９－１（３階以上）（※洪水は最大規模）", "ward": "鶴見区", "address": "神奈川県横浜市鶴見区寛政町23-1", "haz": {"flood": 1, "landslide": 1, "hightide": 1, "quake": 1, "tsunami": 0, "fire": 0, "inland": 0, "volcano": 0}}}, {"type": "Feature", "geometry": {"type": "Point", "coordinates": [139.699218, 35.501562]}, "properties": {"name": "横浜市立寛政中学校　校舎１８－１（※洪水は計画規模）", "ward": "鶴見区", "address": "神奈川県横浜市鶴見区寛政町23-1", "haz": {"flood": 1, "landslide": 1, "hightide": 1, "quake": 1, "tsunami": 1, "fire": 0, "inland": 0, "volcano": 0}}}, {"type": "Feature", "geometry": {"type": "Point", "coordinates": [139.699374, 35.50141]}, "properties": {"name": "横浜市立寛政中学校　校舎１８－１（３階以上）（※洪水は最大規模）", "ward": "鶴見区", "address": "神奈川県横浜市鶴見区寛政町23-1", "haz": {"flood": 1, "landslide": 1, "hightide": 1, "quake": 1, "tsunami": 0, "fire": 0, "inland": 0, "volcano": 0}}}, {"type": "Feature", "geometry": {"type": "Point", "coordinates": [139.699723, 35.501921]}, "properties": {"name": "横浜市立寛政中学校　校舎２０－２（※洪水は計画規模）", "ward": "鶴見区", "address": "神奈川県横浜市鶴見区寛政町23-1", "haz": {"flood": 1, "landslide": 1, "hightide": 1, "quake": 1, "tsunami": 1, "fire": 0, "inland": 0, "volcano": 0}}}, {"type": "Feature", "geometry": {"type": "Point", "coordinates": [139.69953, 35.501816]}, "properties": {"name": "横浜市立寛政中学校　体育館２０－１（※洪水は計画規模）", "ward": "鶴見区", "address": "神奈川県横浜市鶴見区寛政町23-1", "haz": {"flood": 1, "landslide": 1, "hightide": 1, "quake": 1, "tsunami": 1, "fire": 0, "inland": 0, "volcano": 0}}}, {"type": "Feature", "geometry": {"type": "Point", "coordinates": [139.699578, 35.501615]}, "properties": {"name": "横浜市立寛政中学校　校舎１９－１（※洪水は計画規模）", "ward": "鶴見区", "address": "神奈川県横浜市鶴見区寛政町23-1", "haz": {"flood": 1, "landslide": 1, "hightide": 1, "quake": 1, "tsunami": 1, "fire": 0, "inland": 0, "volcano": 0}}}, {"type": "Feature", "geometry": {"type": "Point", "coordinates": [139.662446, 35.493645]}, "properties": {"name": "横浜市立岸谷小学校　校舎１４", "ward": "鶴見区", "address": "神奈川県横浜市鶴見区岸谷1-6-1", "haz": {"flood": 1, "landslide": 0, "hightide": 1, "quake": 1, "tsunami": 0, "fire": 0, "inland": 0, "volcano": 0}}}, {"type": "Feature", "geometry": {"type": "Point", "coordinates": [139.66176, 35.493496]}, "properties": {"name": "横浜市立岸谷小学校　校舎５", "ward": "鶴見区", "address": "神奈川県横浜市鶴見区岸谷1-6-1", "haz": {"flood": 1, "landslide": 1, "hightide": 1, "quake": 1, "tsunami": 0, "fire": 0, "inland": 0, "volcano": 0}}}, {"type": "Feature", "geometry": {"type": "Point", "coordinates": [139.662082, 35.493265]}, "properties": {"name": "横浜市立岸谷小学校　体育館１１", "ward": "鶴見区", "address": "神奈川県横浜市鶴見区岸谷1-6-1", "haz": {"flood": 1, "landslide": 0, "hightide": 1, "quake": 1, "tsunami": 0, "fire": 0, "inland": 0, "volcano": 0}}}, {"type": "Feature", "geometry": {"type": "Point", "coordinates": [139.659372, 35.493091]}, "properties": {"name": "横浜市立生麦中学校　校舎４", "ward": "鶴見区", "address": "神奈川県横浜市鶴見区岸谷2-1-1", "haz": {"flood": 1, "landslide": 1, "hightide": 1, "quake": 1, "tsunami": 0, "fire": 1, "inland": 0, "volcano": 0}}}, {"type": "Feature", "geometry": {"type": "Point", "coordinates": [139.659876, 35.492973]}, "properties": {"name": "横浜市立生麦中学校　校舎１８－１", "ward": "鶴見区", "address": "神奈川県横浜市鶴見区岸谷2-1-1", "haz": {"flood": 1, "landslide": 1, "hightide": 1, "quake": 1, "tsunami": 0, "fire": 1, "inland": 0, "volcano": 0}}}, {"type": "Feature", "geometry": {"type": "Point", "coordinates": [139.659999, 35.493239]}, "properties": {"name": "横浜市立生麦中学校　体育館１８－２", "ward": "鶴見区", "address": "神奈川県横浜市鶴見区岸谷2-1-1", "haz": {"flood": 1, "landslide": 0, "hightide": 1, "quake": 1, "tsunami": 0, "fire": 1, "inland": 0, "volcano": 0}}}, {"type": "Feature", "geometry": {"type": "Point", "coordinates": [139.65957, 35.494016]}, "properties": {"name": "横浜市立生麦中学校　校舎１３", "ward": "鶴見区", "address": "神奈川県横浜市鶴見区岸谷2-1-1", "haz": {"flood": 1, "landslide": 1, "hightide": 1, "quake": 1, "tsunami": 0, "fire": 1, "inland": 0, "volcano": 0}}}, {"type": "Feature", "geometry": {"type": "Point", "coordinates": [139.659597, 35.492964]}, "properties": {"name": "横浜市立生麦中学校　校舎９", "ward": "鶴見区", "address": "神奈川県横浜市鶴見区岸谷2-1-1", "haz": {"flood": 1, "landslide": 1, "hightide": 1, "quake": 1, "tsunami": 0, "fire": 1, "inland": 0, "volcano": 0}}}, {"type": "Feature", "geometry": {"type": "Point", "coordinates": [139.659243, 35.493781]}, "properties": {"name": "横浜市立生麦中学校　校舎７", "ward": "鶴見区", "address": "神奈川県横浜市鶴見区岸谷2-1-1", "haz": {"flood": 1, "landslide": 0, "hightide": 1, "quake": 1, "tsunami": 0, "fire": 1, "inland": 0, "volcano": 0}}}, {"type": "Feature", "geometry": {"type": "Point", "coordinates": [139.659307, 35.493427]}, "properties": {"name": "横浜市立生麦中学校　校舎３－１", "ward": "鶴見区", "address": "神奈川県横浜市鶴見区岸谷2-1-1", "haz": {"flood": 1, "landslide": 1, "hightide": 1, "quake": 1, "tsunami": 0, "fire": 1, "inland": 0, "volcano": 0}}}, {"type": "Feature", "geometry": {"type": "Point", "coordinates": [139.654989, 35.52909]}, "properties": {"name": "横浜市立駒岡小学校　校舎１", "ward": "鶴見区", "address": "神奈川県横浜市鶴見区駒岡3-14-1", "haz": {"flood": 1, "landslide": 1, "hightide": 1, "quake": 1, "tsunami": 0, "fire": 0, "inland": 0, "volcano": 0}}}, {"type": "Feature", "geometry": {"type": "Point", "coordinates": [139.655054, 35.528382]}, "properties": {"name": "横浜市立駒岡小学校　体育館３", "ward": "鶴見区", "address": "神奈川県横浜市鶴見区駒岡3-14-1", "haz": {"flood": 1, "landslide": 1, "hightide": 1, "quake": 1, "tsunami": 0, "fire": 0, "inland": 0, "volcano": 0}}}, {"type": "Feature", "geometry": {"type": "Point", "coordinates": [139.654946, 35.528828]}, "properties": {"name": "横浜市立駒岡小学校　校舎２１", "ward": "鶴見区", "address": "神奈川県横浜市鶴見区駒岡3-14-1", "haz": {"flood": 1, "landslide": 1, "hightide": 1, "quake": 1, "tsunami": 0, "fire": 0, "inland": 0, "volcano": 0}}}, {"type": "Feature", "geometry": {"type": "Point", "coordinates": [139.654651, 35.528898]}, "properties": {"name": "横浜市立駒岡小学校　校舎４", "ward": "鶴見区", "address": "神奈川県横浜市鶴見区駒岡3-14-1", "haz": {"flood": 1, "landslide": 1, "hightide": 1, "quake": 1, "tsunami": 0, "fire": 0, "inland": 0, "volcano": 0}}}, {"type": "Feature", "geometry": {"type": "Point", "coordinates": [139.6547, 35.529068]}, "properties": {"name": "横浜市立駒岡小学校　校舎２－１", "ward": "鶴見区", "address": "神奈川県横浜市鶴見区駒岡3-14-1", "haz": {"flood": 1, "landslide": 1, "hightide": 1, "quake": 1, "tsunami": 0, "fire": 0, "inland": 0, "volcano": 0}}}, {"type": "Feature", "geometry": {"type": "Point", "coordinates": [139.68264, 35.522522]}, "properties": {"name": "横浜市立市場小学校　校舎１４", "ward": "鶴見区", "address": "神奈川県横浜市鶴見区元宮1-13-1", "haz": {"flood": 1, "landslide": 1, "hightide": 1, "quake": 1, "tsunami": 0, "fire": 0, "inland": 0, "volcano": 0}}}, {"type": "Feature", "geometry": {"type": "Point", "coordinates": [139.682549, 35.523234]}, "properties": {"name": "横浜市立市場小学校　体育館２９", "ward": "鶴見区", "address": "神奈川県横浜市鶴見区元宮1-13-1", "haz": {"flood": 0, "landslide": 1, "hightide": 1, "quake": 1, "tsunami": 0, "fire": 0, "inland": 0, "volcano": 0}}}, {"type": "Feature", "geometry": {"type": "Point", "coordinates": [139.682774, 35.522841]}, "properties": {"name": "横浜市立市場小学校　校舎２８（３階以上）", "ward": "鶴見区", "address": "神奈川県横浜市鶴見区元宮1-13-1", "haz": {"flood": 1, "landslide": 1, "hightide": 1, "quake": 1, "tsunami": 0, "fire": 0, "inland": 0, "volcano": 0}}}, {"type": "Feature", "geometry": {"type": "Point", "coordinates": [139.68249, 35.522832]}, "properties": {"name": "横浜市立市場小学校　校舎２８", "ward": "鶴見区", "address": "神奈川県横浜市鶴見区元宮1-13-1", "haz": {"flood": 1, "landslide": 1, "hightide": 1, "quake": 1, "tsunami": 0, "fire": 0, "inland": 0, "volcano": 0}}}, {"type": "Feature", "geometry": {"type": "Point", "coordinates": [139.682849, 35.523229]}, "properties": {"name": "横浜市立市場小学校　校舎２７", "ward": "鶴見区", "address": "神奈川県横浜市鶴見区元宮1-13-1", "haz": {"flood": 0, "landslide": 1, "hightide": 1, "quake": 1, "tsunami": 0, "fire": 0, "inland": 0, "volcano": 0}}}, {"type": "Feature", "geometry": {"type": "Point", "coordinates": [139.682796, 35.522522]}, "properties": {"name": "横浜市立市場小学校　校舎１４（３階以上）", "ward": "鶴見区", "address": "神奈川県横浜市鶴見区元宮1-13-1", "haz": {"flood": 1, "landslide": 1, "hightide": 1, "quake": 1, "tsunami": 0, "fire": 0, "inland": 0, "volcano": 0}}}, {"type": "Feature", "geometry": {"type": "Point", "coordinates": [139.689382, 35.506876]}, "properties": {"name": "横浜市立潮田小学校　校舎１０（２階以上）（※洪水は計画規模）", "ward": "鶴見区", "address": "神奈川県横浜市鶴見区向井町3-82-1", "haz": {"flood": 1, "landslide": 1, "hightide": 1, "quake": 1, "tsunami": 0, "fire": 0, "inland": 0, "volcano": 0}}}, {"type": "Feature", "geometry": {"type": "Point", "coordinates": [139.690546, 35.506833]}, "properties": {"name": "横浜市立潮田小学校　校舎６－２（２階以上）（※洪水は計画規模）", "ward": "鶴見区", "address": "神奈川県横浜市鶴見区向井町3-82-1", "haz": {"flood": 1, "landslide": 1, "hightide": 1, "quake": 1, "tsunami": 0, "fire": 0, "inland": 0, "volcano": 0}}}, {"type": "Feature", "geometry": {"type": "Point", "coordinates": [139.69032, 35.506859]}, "properties": {"name": "横浜市立潮田小学校　校舎６－２", "ward": "鶴見区", "address": "神奈川県横浜市鶴見区向井町3-82-1", "haz": {"flood": 1, "landslide": 1, "hightide": 1, "quake": 1, "tsunami": 1, "fire": 0, "inland": 0, "volcano": 0}}}, {"type": "Feature", "geometry": {"type": "Point", "coordinates": [139.690111, 35.506863]}, "properties": {"name": "横浜市立潮田小学校　校舎６－１（３階以上）（※洪水は最大規模）", "ward": "鶴見区", "address": "神奈川県横浜市鶴見区向井町3-82-1", "haz": {"flood": 1, "landslide": 1, "hightide": 1, "quake": 1, "tsunami": 0, "fire": 0, "inland": 0, "volcano": 0}}}, {"type": "Feature", "geometry": {"type": "Point", "coordinates": [139.69002, 35.506868]}, "properties": {"name": "横浜市立潮田小学校　校舎６－１（２階以上）（※洪水は計画規模）", "ward": "鶴見区", "address": "神奈川県横浜市鶴見区向井町3-82-1", "haz": {"flood": 1, "landslide": 1, "hightide": 1, "quake": 1, "tsunami": 0, "fire": 0, "inland": 0, "volcano": 0}}}, {"type": "Feature", "geometry": {"type": "Point", "coordinates": [139.689934, 35.506868]}, "properties": {"name": "横浜市立潮田小学校　校舎６－１", "ward": "鶴見区", "address": "神奈川県横浜市鶴見区向井町3-82-1", "haz": {"flood": 1, "landslide": 1, "hightide": 1, "quake": 1, "tsunami": 1, "fire": 0, "inland": 0, "volcano": 0}}}, {"type": "Feature", "geometry": {"type": "Point", "coordinates": [139.689666, 35.506623]}, "properties": {"name": "横浜市立潮田小学校　校舎２４（※洪水は計画規模）", "ward": "鶴見区", "address": "神奈川県横浜市鶴見区向井町3-82-1", "haz": {"flood": 1, "landslide": 1, "hightide": 1, "quake": 1, "tsunami": 1, "fire": 0, "inland": 0, "volcano": 0}}}, {"type": "Feature", "geometry": {"type": "Point", "coordinates": [139.689548, 35.506872]}, "properties": {"name": "横浜市立潮田小学校　校舎１０（３階以上）（※洪水は最大規模）", "ward": "鶴見区", "address": "神奈川県横浜市鶴見区向井町3-82-1", "haz": {"flood": 1, "landslide": 1, "hightide": 1, "quake": 1, "tsunami": 0, "fire": 0, "inland": 0, "volcano": 0}}}, {"type": "Feature", "geometry": {"type": "Point", "coordinates": [139.689183, 35.506885]}, "properties": {"name": "横浜市立潮田小学校　校舎１０", "ward": "鶴見区", "address": "神奈川県横浜市鶴見区向井町3-82-1", "haz": {"flood": 1, "landslide": 1, "hightide": 1, "quake": 1, "tsunami": 1, "fire": 0, "inland": 0, "volcano": 0}}}, {"type": "Feature", "geometry": {"type": "Point", "coordinates": [139.692099, 35.50671]}, "properties": {"name": "横浜市立潮田中学校　校舎２４（３階以上）（※洪水は最大規模）", "ward": "鶴見区", "address": "神奈川県横浜市鶴見区向井町4-83", "haz": {"flood": 1, "landslide": 1, "hightide": 1, "quake": 1, "tsunami": 0, "fire": 0, "inland": 0, "volcano": 0}}}, {"type": "Feature", "geometry": {"type": "Point", "coordinates": [139.691729, 35.506727]}, "properties": {"name": "横浜市立潮田中学校　校舎２４", "ward": "鶴見区", "address": "神奈川県横浜市鶴見区向井町4-83", "haz": {"flood": 1, "landslide": 1, "hightide": 1, "quake": 1, "tsunami": 1, "fire": 0, "inland": 0, "volcano": 0}}}, {"type": "Feature", "geometry": {"type": "Point", "coordinates": [139.69189, 35.506714]}, "properties": {"name": "横浜市立潮田中学校　校舎２４（２階以上）（※洪水は計画規模）", "ward": "鶴見区", "address": "神奈川県横浜市鶴見区向井町4-83", "haz": {"flood": 1, "landslide": 1, "hightide": 1, "quake": 1, "tsunami": 0, "fire": 0, "inland": 0, "volcano": 0}}}, {"type": "Feature", "geometry": {"type": "Point", "coordinates": [139.691149, 35.506155]}, "properties": {"name": "横浜市立潮田中学校　校舎７（３階以上）（※洪水は最大規模）", "ward": "鶴見区", "address": "神奈川県横浜市鶴見区向井町4-83", "haz": {"flood": 1, "landslide": 1, "hightide": 1, "quake": 1, "tsunami": 0, "fire": 0, "inland": 0, "volcano": 0}}}, {"type": "Feature", "geometry": {"type": "Point", "coordinates": [139.691219, 35.506749]}, "properties": {"name": "横浜市立潮田中学校　校舎９", "ward": "鶴見区", "address": "神奈川県横浜市鶴見区向井町4-83", "haz": {"flood": 1, "landslide": 1, "hightide": 1, "quake": 1, "tsunami": 1, "fire": 0, "inland": 0, "volcano": 0}}}, {"type": "Feature", "geometry": {"type": "Point", "coordinates": [139.691155, 35.506365]}, "properties": {"name": "横浜市立潮田中学校　校舎７（２階以上）（※洪水は計画規模）", "ward": "鶴見区", "address": "神奈川県横浜市鶴見区向井町4-83", "haz": {"flood": 1, "landslide": 1, "hightide": 1, "quake": 1, "tsunami": 0, "fire": 0, "inland": 0, "volcano": 0}}}, {"type": "Feature", "geometry": {"type": "Point", "coordinates": [139.691176, 35.506535]}, "properties": {"name": "横浜市立潮田中学校　校舎７", "ward": "鶴見区", "address": "神奈川県横浜市鶴見区向井町4-83", "haz": {"flood": 1, "landslide": 1, "hightide": 1, "quake": 1, "tsunami": 1, "fire": 0, "inland": 0, "volcano": 0}}}, {"type": "Feature", "geometry": {"type": "Point", "coordinates": [139.691439, 35.506827]}, "properties": {"name": "横浜市立潮田中学校　校舎２５（２階以上）（※洪水は計画規模）", "ward": "鶴見区", "address": "神奈川県横浜市鶴見区向井町4-83", "haz": {"flood": 1, "landslide": 1, "hightide": 1, "quake": 1, "tsunami": 0, "fire": 0, "inland": 0, "volcano": 0}}}, {"type": "Feature", "geometry": {"type": "Point", "coordinates": [139.691294, 35.506836]}, "properties": {"name": "横浜市立潮田中学校　校舎２５", "ward": "鶴見区", "address": "神奈川県横浜市鶴見区向井町4-83", "haz": {"flood": 1, "landslide": 1, "hightide": 1, "quake": 1, "tsunami": 1, "fire": 0, "inland": 0, "volcano": 0}}}, {"type": "Feature", "geometry": {"type": "Point", "coordinates": [139.690744, 35.50682]}, "properties": {"name": "横浜市立潮田小学校　校舎６－２（３階以上）（※洪水は最大規模）", "ward": "鶴見区", "address": "神奈川県横浜市鶴見区向井町３－８２－１（横浜市立潮田小学校　校舎６－２（３階以上））", "haz": {"flood": 1, "landslide": 1, "hightide": 1, "quake": 1, "tsunami": 0, "fire": 0, "inland": 0, "volcano": 0}}}, {"type": "Feature", "geometry": {"type": "Point", "coordinates": [139.689795, 35.506868]}, "properties": {"name": "横浜市立潮田小学校　校舎６－３（２階以上）（※洪水は計画規模）", "ward": "鶴見区", "address": "神奈川県横浜市鶴見区向井町３－８２－１（横浜市立潮田小学校　校舎６－３（２階以上）", "haz": {"flood": 1, "landslide": 1, "hightide": 1, "quake": 1, "tsunami": 0, "fire": 0, "inland": 0, "volcano": 0}}}, {"type": "Feature", "geometry": {"type": "Point", "coordinates": [139.689854, 35.506863]}, "properties": {"name": "横浜市立潮田小学校　校舎６－３（３階以上）（※洪水は最大規模）", "ward": "鶴見区", "address": "神奈川県横浜市鶴見区向井町３－８２－１（横浜市立潮田小学校　校舎６－３（３階以上）", "haz": {"flood": 1, "landslide": 1, "hightide": 1, "quake": 1, "tsunami": 0, "fire": 0, "inland": 0, "volcano": 0}}}, {"type": "Feature", "geometry": {"type": "Point", "coordinates": [139.68973, 35.506872]}, "properties": {"name": "横浜市立潮田小学校　校舎６－３", "ward": "鶴見区", "address": "神奈川県横浜市鶴見区向井町３－８２－１（横浜市立潮田小学校　校舎６－３）", "haz": {"flood": 1, "landslide": 1, "hightide": 1, "quake": 1, "tsunami": 1, "fire": 0, "inland": 0, "volcano": 0}}}, {"type": "Feature", "geometry": {"type": "Point", "coordinates": [139.690717, 35.506497]}, "properties": {"name": "横浜市立潮田小学校　体育館３２－１（※洪水は計画規模）", "ward": "鶴見区", "address": "神奈川県横浜市鶴見区向井町３－８２－１（横浜市立潮田小学校　体育館３２－１）", "haz": {"flood": 1, "landslide": 1, "hightide": 1, "quake": 1, "tsunami": 1, "fire": 0, "inland": 0, "volcano": 0}}}, {"type": "Feature", "geometry": {"type": "Point", "coordinates": [139.691359, 35.50674]}, "properties": {"name": "横浜市立潮田中学校　校舎９（２階以上）（※洪水は計画規模）", "ward": "鶴見区", "address": "神奈川県横浜市鶴見区向井町４－８３（横浜市立潮田中学校　校舎９（２階以上）", "haz": {"flood": 1, "landslide": 1, "hightide": 1, "quake": 1, "tsunami": 0, "fire": 0, "inland": 0, "volcano": 0}}}, {"type": "Feature", "geometry": {"type": "Point", "coordinates": [139.691504, 35.50674]}, "properties": {"name": "横浜市立潮田中学校　校舎９（３階以上）（※洪水は最大規模）", "ward": "鶴見区", "address": "神奈川県横浜市鶴見区向井町４－８３（横浜市立潮田中学校　校舎９（３階以上）", "haz": {"flood": 1, "landslide": 1, "hightide": 1, "quake": 1, "tsunami": 0, "fire": 0, "inland": 0, "volcano": 0}}}, {"type": "Feature", "geometry": {"type": "Point", "coordinates": [139.690704, 35.506369]}, "properties": {"name": "横浜市立潮田中学校　体育館２８", "ward": "鶴見区", "address": "神奈川県横浜市鶴見区向井町４－８３（横浜市立潮田中学校　体育館２８）", "haz": {"flood": 1, "landslide": 1, "hightide": 1, "quake": 1, "tsunami": 1, "fire": 0, "inland": 0, "volcano": 0}}}, {"type": "Feature", "geometry": {"type": "Point", "coordinates": [139.67661, 35.532673]}, "properties": {"name": "横浜市立新鶴見小学校　校舎３", "ward": "鶴見区", "address": "神奈川県横浜市鶴見区江ケ崎町2-1", "haz": {"flood": 1, "landslide": 1, "hightide": 1, "quake": 1, "tsunami": 0, "fire": 0, "inland": 0, "volcano": 0}}}, {"type": "Feature", "geometry": {"type": "Point", "coordinates": [139.676594, 35.533122]}, "properties": {"name": "横浜市立新鶴見小学校　校舎１－１", "ward": "鶴見区", "address": "神奈川県横浜市鶴見区江ケ崎町2-1", "haz": {"flood": 1, "landslide": 1, "hightide": 1, "quake": 1, "tsunami": 0, "fire": 0, "inland": 0, "volcano": 0}}}, {"type": "Feature", "geometry": {"type": "Point", "coordinates": [139.676642, 35.533022]}, "properties": {"name": "横浜市立新鶴見小学校　校舎１－１（２階以上）（※洪水は計画規模）", "ward": "鶴見区", "address": "神奈川県横浜市鶴見区江ケ崎町2-1", "haz": {"flood": 1, "landslide": 1, "hightide": 1, "quake": 1, "tsunami": 0, "fire": 0, "inland": 0, "volcano": 0}}}, {"type": "Feature", "geometry": {"type": "Point", "coordinates": [139.676675, 35.532886]}, "properties": {"name": "横浜市立新鶴見小学校　校舎１－１（３階以上）（※洪水は最大規模）", "ward": "鶴見区", "address": "神奈川県横浜市鶴見区江ケ崎町2-1", "haz": {"flood": 1, "landslide": 1, "hightide": 1, "quake": 1, "tsunami": 0, "fire": 0, "inland": 0, "volcano": 0}}}, {"type": "Feature", "geometry": {"type": "Point", "coordinates": [139.676836, 35.532716]}, "properties": {"name": "横浜市立新鶴見小学校　校舎３（２階以上）（※洪水は計画規模）", "ward": "鶴見区", "address": "神奈川県横浜市鶴見区江ケ崎町2-1", "haz": {"flood": 1, "landslide": 1, "hightide": 1, "quake": 1, "tsunami": 0, "fire": 0, "inland": 0, "volcano": 0}}}, {"type": "Feature", "geometry": {"type": "Point", "coordinates": [139.677061, 35.53276]}, "properties": {"name": "横浜市立新鶴見小学校　校舎３（３階以上）（※洪水は最大規模）", "ward": "鶴見区", "address": "神奈川県横浜市鶴見区江ケ崎町2-1", "haz": {"flood": 1, "landslide": 1, "hightide": 1, "quake": 1, "tsunami": 0, "fire": 0, "inland": 0, "volcano": 0}}}, {"type": "Feature", "geometry": {"type": "Point", "coordinates": [139.677072, 35.533153]}, "properties": {"name": "横浜市立新鶴見小学校　校舎４－１（※洪水は計画規模）", "ward": "鶴見区", "address": "神奈川県横浜市鶴見区江ケ崎町2-1", "haz": {"flood": 1, "landslide": 1, "hightide": 1, "quake": 1, "tsunami": 0, "fire": 0, "inland": 0, "volcano": 0}}}, {"type": "Feature", "geometry": {"type": "Point", "coordinates": [139.677388, 35.532842]}, "properties": {"name": "横浜市立新鶴見小学校　校舎６", "ward": "鶴見区", "address": "神奈川県横浜市鶴見区江ケ崎町2-1", "haz": {"flood": 1, "landslide": 1, "hightide": 1, "quake": 1, "tsunami": 0, "fire": 0, "inland": 0, "volcano": 0}}}, {"type": "Feature", "geometry": {"type": "Point", "coordinates": [139.6769, 35.532336]}, "properties": {"name": "横浜市立新鶴見小学校　校舎６（２階以上）（※洪水は計画規模）", "ward": "鶴見区", "address": "神奈川県横浜市鶴見区江ケ崎町2-1", "haz": {"flood": 1, "landslide": 1, "hightide": 1, "quake": 1, "tsunami": 0, "fire": 0, "inland": 0, "volcano": 0}}}, {"type": "Feature", "geometry": {"type": "Point", "coordinates": [139.67712, 35.533009]}, "properties": {"name": "横浜市立新鶴見小学校　体育館４－２（※洪水は計画規模）", "ward": "鶴見区", "address": "神奈川県横浜市鶴見区江ケ崎町２－１（横浜市立新鶴見小学校　体育館４－２）", "haz": {"flood": 1, "landslide": 1, "hightide": 1, "quake": 1, "tsunami": 0, "fire": 0, "inland": 0, "volcano": 0}}}, {"type": "Feature", "geometry": {"type": "Point", "coordinates": [139.684127, 35.515119]}, "properties": {"name": "横浜市立市場中学校　体育館３７－１", "ward": "鶴見区", "address": "神奈川県横浜市鶴見区市場下町1-1", "haz": {"flood": 0, "landslide": 1, "hightide": 1, "quake": 1, "tsunami": 0, "fire": 0, "inland": 0, "volcano": 0}}}, {"type": "Feature", "geometry": {"type": "Point", "coordinates": [139.683403, 35.515346]}, "properties": {"name": "横浜市立市場中学校　校舎１１", "ward": "鶴見区", "address": "神奈川県横浜市鶴見区市場下町1-1", "haz": {"flood": 1, "landslide": 1, "hightide": 1, "quake": 1, "tsunami": 0, "fire": 0, "inland": 0, "volcano": 0}}}, {"type": "Feature", "geometry": {"type": "Point", "coordinates": [139.683129, 35.515032]}, "properties": {"name": "横浜市立市場中学校　校舎１１（３階以上）", "ward": "鶴見区", "address": "神奈川県横浜市鶴見区市場下町1-1", "haz": {"flood": 1, "landslide": 1, "hightide": 1, "quake": 1, "tsunami": 0, "fire": 0, "inland": 0, "volcano": 0}}}, {"type": "Feature", "geometry": {"type": "Point", "coordinates": [139.683655, 35.515442]}, "properties": {"name": "横浜市立市場中学校　校舎１７", "ward": "鶴見区", "address": "神奈川県横浜市鶴見区市場下町1-1", "haz": {"flood": 1, "landslide": 1, "hightide": 1, "quake": 1, "tsunami": 0, "fire": 0, "inland": 0, "volcano": 0}}}, {"type": "Feature", "geometry": {"type": "Point", "coordinates": [139.683778, 35.515359]}, "properties": {"name": "横浜市立市場中学校　校舎１７（３階以上）", "ward": "鶴見区", "address": "神奈川県横浜市鶴見区市場下町1-1", "haz": {"flood": 1, "landslide": 1, "hightide": 1, "quake": 1, "tsunami": 0, "fire": 0, "inland": 0, "volcano": 0}}}, {"type": "Feature", "geometry": {"type": "Point", "coordinates": [139.682872, 35.514722]}, "properties": {"name": "横浜市立市場中学校　校舎２０", "ward": "鶴見区", "address": "神奈川県横浜市鶴見区市場下町1-1", "haz": {"flood": 1, "landslide": 1, "hightide": 1, "quake": 1, "tsunami": 0, "fire": 0, "inland": 0, "volcano": 0}}}, {"type": "Feature", "geometry": {"type": "Point", "coordinates": [139.683075, 35.514569]}, "properties": {"name": "横浜市立市場中学校　校舎２０－１", "ward": "鶴見区", "address": "神奈川県横浜市鶴見区市場下町1-1", "haz": {"flood": 0, "landslide": 1, "hightide": 1, "quake": 1, "tsunami": 0, "fire": 0, "inland": 0, "volcano": 0}}}, {"type": "Feature", "geometry": {"type": "Point", "coordinates": [139.650396, 35.517078]}, "properties": {"name": "横浜市立獅子ケ谷小学校　体育館８", "ward": "鶴見区", "address": "神奈川県横浜市鶴見区獅子ケ谷1-19-1", "haz": {"flood": 1, "landslide": 1, "hightide": 1, "quake": 1, "tsunami": 0, "fire": 0, "inland": 0, "volcano": 0}}}, {"type": "Feature", "geometry": {"type": "Point", "coordinates": [139.650814, 35.516952]}, "properties": {"name": "横浜市立獅子ケ谷小学校　校舎１", "ward": "鶴見区", "address": "神奈川県横浜市鶴見区獅子ケ谷1-19-1", "haz": {"flood": 1, "landslide": 0, "hightide": 1, "quake": 1, "tsunami": 0, "fire": 0, "inland": 0, "volcano": 0}}}, {"type": "Feature", "geometry": {"type": "Point", "coordinates": [139.687658, 35.498862]}, "properties": {"name": "横浜市立汐入小学校　校舎１４（※洪水は計画規模）", "ward": "鶴見区", "address": "神奈川県横浜市鶴見区汐入町2-36", "haz": {"flood": 1, "landslide": 1, "hightide": 1, "quake": 1, "tsunami": 1, "fire": 0, "inland": 0, "volcano": 0}}}, {"type": "Feature", "geometry": {"type": "Point", "coordinates": [139.687701, 35.498731]}, "properties": {"name": "横浜市立汐入小学校　校舎１４（３階以上）（※洪水は最大規模）", "ward": "鶴見区", "address": "神奈川県横浜市鶴見区汐入町2-36", "haz": {"flood": 1, "landslide": 1, "hightide": 1, "quake": 1, "tsunami": 0, "fire": 0, "inland": 0, "volcano": 0}}}, {"type": "Feature", "geometry": {"type": "Point", "coordinates": [139.687583, 35.499194]}, "properties": {"name": "横浜市立汐入小学校　体育館１７（※洪水は計画規模）", "ward": "鶴見区", "address": "神奈川県横浜市鶴見区汐入町2-36", "haz": {"flood": 1, "landslide": 1, "hightide": 1, "quake": 1, "tsunami": 1, "fire": 0, "inland": 0, "volcano": 0}}}, {"type": "Feature", "geometry": {"type": "Point", "coordinates": [139.687894, 35.498932]}, "properties": {"name": "横浜市立汐入小学校　校舎１２（※洪水は計画規模）", "ward": "鶴見区", "address": "神奈川県横浜市鶴見区汐入町2-36", "haz": {"flood": 1, "landslide": 1, "hightide": 1, "quake": 1, "tsunami": 1, "fire": 0, "inland": 0, "volcano": 0}}}, {"type": "Feature", "geometry": {"type": "Point", "coordinates": [139.687948, 35.498787]}, "properties": {"name": "横浜市立汐入小学校　校舎１２（３階以上）（※洪水は最大規模）", "ward": "鶴見区", "address": "神奈川県横浜市鶴見区汐入町2-36", "haz": {"flood": 1, "landslide": 1, "hightide": 1, "quake": 1, "tsunami": 0, "fire": 0, "inland": 0, "volcano": 0}}}, {"type": "Feature", "geometry": {"type": "Point", "coordinates": [139.638974, 35.512211]}, "properties": {"name": "横浜市立上の宮中学校　校舎１", "ward": "鶴見区", "address": "神奈川県横浜市鶴見区上の宮1-26-33", "haz": {"flood": 1, "landslide": 0, "hightide": 1, "quake": 1, "tsunami": 0, "fire": 0, "inland": 0, "volcano": 0}}}, {"type": "Feature", "geometry": {"type": "Point", "coordinates": [139.638775, 35.512599]}, "properties": {"name": "横浜市立上の宮中学校　体育館３", "ward": "鶴見区", "address": "神奈川県横浜市鶴見区上の宮1-26-33", "haz": {"flood": 1, "landslide": 1, "hightide": 1, "quake": 1, "tsunami": 0, "fire": 0, "inland": 0, "volcano": 0}}}, {"type": "Feature", "geometry": {"type": "Point", "coordinates": [139.66927, 35.524594]}, "properties": {"name": "横浜市立末吉小学校　校舎２６－１（２階以上）（※洪水は計画規模）", "ward": "鶴見区", "address": "神奈川県横浜市鶴見区上末吉1-9-1", "haz": {"flood": 1, "landslide": 1, "hightide": 1, "quake": 1, "tsunami": 0, "fire": 0, "inland": 0, "volcano": 0}}}, {"type": "Feature", "geometry": {"type": "Point", "coordinates": [139.669421, 35.524607]}, "properties": {"name": "横浜市立末吉小学校　校舎２６－１（３階以上）（※洪水は最大規模）", "ward": "鶴見区", "address": "神奈川県横浜市鶴見区上末吉1-9-1", "haz": {"flood": 1, "landslide": 1, "hightide": 1, "quake": 1, "tsunami": 0, "fire": 0, "inland": 0, "volcano": 0}}}, {"type": "Feature", "geometry": {"type": "Point", "coordinates": [139.669667, 35.52483]}, "properties": {"name": "横浜市立末吉小学校　校舎２７－１（※洪水は計画規模）", "ward": "鶴見区", "address": "神奈川県横浜市鶴見区上末吉1-9-1", "haz": {"flood": 1, "landslide": 1, "hightide": 1, "quake": 1, "tsunami": 0, "fire": 0, "inland": 0, "volcano": 0}}}, {"type": "Feature", "geometry": {"type": "Point", "coordinates": [139.669592, 35.525135]}, "properties": {"name": "横浜市立末吉小学校　体育館２７－２（※洪水は計画規模）", "ward": "鶴見区", "address": "神奈川県横浜市鶴見区上末吉1-9-1", "haz": {"flood": 1, "landslide": 1, "hightide": 1, "quake": 1, "tsunami": 0, "fire": 0, "inland": 0, "volcano": 0}}}, {"type": "Feature", "geometry": {"type": "Point", "coordinates": [139.669828, 35.525044]}, "properties": {"name": "横浜市立末吉小学校　校舎１２－２（※洪水は計画規模）", "ward": "鶴見区", "address": "神奈川県横浜市鶴見区上末吉1-9-1", "haz": {"flood": 1, "landslide": 1, "hightide": 1, "quake": 1, "tsunami": 0, "fire": 0, "inland": 0, "volcano": 0}}}, {"type": "Feature", "geometry": {"type": "Point", "coordinates": [139.669887, 35.52486]}, "properties": {"name": "横浜市立末吉小学校　校舎１２－２（３階以上）（※洪水は最大規模）", "ward": "鶴見区", "address": "神奈川県横浜市鶴見区上末吉1-9-1", "haz": {"flood": 1, "landslide": 1, "hightide": 1, "quake": 1, "tsunami": 0, "fire": 0, "inland": 0, "volcano": 0}}}, {"type": "Feature", "geometry": {"type": "Point", "coordinates": [139.669136, 35.524581]}, "properties": {"name": "横浜市立末吉小学校　校舎２６－１", "ward": "鶴見区", "address": "神奈川県横浜市鶴見区上末吉1-9-1", "haz": {"flood": 1, "landslide": 1, "hightide": 1, "quake": 1, "tsunami": 0, "fire": 0, "inland": 0, "volcano": 0}}}, {"type": "Feature", "geometry": {"type": "Point", "coordinates": [139.662815, 35.534044]}, "properties": {"name": "横浜市立上末吉小学校　校舎６", "ward": "鶴見区", "address": "神奈川県横浜市鶴見区上末吉5-24-1", "haz": {"flood": 1, "landslide": 0, "hightide": 1, "quake": 1, "tsunami": 0, "fire": 0, "inland": 0, "volcano": 0}}}, {"type": "Feature", "geometry": {"type": "Point", "coordinates": [139.662015, 35.534193]}, "properties": {"name": "横浜市立上末吉小学校　校舎１０", "ward": "鶴見区", "address": "神奈川県横浜市鶴見区上末吉5-24-1", "haz": {"flood": 1, "landslide": 0, "hightide": 1, "quake": 1, "tsunami": 0, "fire": 0, "inland": 0, "volcano": 0}}}, {"type": "Feature", "geometry": {"type": "Point", "coordinates": [139.662702, 35.533966]}, "properties": {"name": "横浜市立上末吉小学校　体育館７", "ward": "鶴見区", "address": "神奈川県横浜市鶴見区上末吉5-24-1", "haz": {"flood": 1, "landslide": 0, "hightide": 1, "quake": 1, "tsunami": 0, "fire": 0, "inland": 0, "volcano": 0}}}, {"type": "Feature", "geometry": {"type": "Point", "coordinates": [139.662482, 35.534223]}, "properties": {"name": "横浜市立上末吉小学校　校舎４", "ward": "鶴見区", "address": "神奈川県横浜市鶴見区上末吉5-24-1", "haz": {"flood": 1, "landslide": 1, "hightide": 1, "quake": 1, "tsunami": 0, "fire": 0, "inland": 0, "volcano": 0}}}, {"type": "Feature", "geometry": {"type": "Point", "coordinates": [139.670621, 35.495576]}, "properties": {"name": "横浜市立生麦小学校　校舎３１－１（※洪水は計画規模）", "ward": "鶴見区", "address": "神奈川県横浜市鶴見区生麦4-15-1", "haz": {"flood": 1, "landslide": 1, "hightide": 1, "quake": 1, "tsunami": 1, "fire": 0, "inland": 0, "volcano": 0}}}, {"type": "Feature", "geometry": {"type": "Point", "coordinates": [139.670873, 35.495121]}, "properties": {"name": "横浜市立生麦小学校　体育館１３（※洪水は計画規模）", "ward": "鶴見区", "address": "神奈川県横浜市鶴見区生麦4-15-1", "haz": {"flood": 1, "landslide": 1, "hightide": 0, "quake": 1, "tsunami": 1, "fire": 0, "inland": 0, "volcano": 0}}}, {"type": "Feature", "geometry": {"type": "Point", "coordinates": [139.671201, 35.495776]}, "properties": {"name": "横浜市立生麦小学校　校舎１０（※洪水は計画規模）", "ward": "鶴見区", "address": "神奈川県横浜市鶴見区生麦4-15-1", "haz": {"flood": 1, "landslide": 1, "hightide": 1, "quake": 1, "tsunami": 1, "fire": 0, "inland": 0, "volcano": 0}}}, {"type": "Feature", "geometry": {"type": "Point", "coordinates": [139.671367, 35.495654]}, "properties": {"name": "横浜市立生麦小学校　校舎１０（３階以上）（※洪水は最大規模）", "ward": "鶴見区", "address": "神奈川県横浜市鶴見区生麦4-15-1", "haz": {"flood": 1, "landslide": 1, "hightide": 1, "quake": 1, "tsunami": 0, "fire": 0, "inland": 0, "volcano": 0}}}, {"type": "Feature", "geometry": {"type": "Point", "coordinates": [139.670788, 35.495715]}, "properties": {"name": "横浜市立生麦小学校　校舎３１－１（３階以上）（※洪水は最大規模）", "ward": "鶴見区", "address": "神奈川県横浜市鶴見区生麦4-15-1", "haz": {"flood": 1, "landslide": 1, "hightide": 1, "quake": 1, "tsunami": 0, "fire": 0, "inland": 0, "volcano": 0}}}, {"type": "Feature", "geometry": {"type": "Point", "coordinates": [139.684022, 35.509632]}, "properties": {"name": "横浜市立鶴見中学校　体育館５－１", "ward": "鶴見区", "address": "神奈川県横浜市鶴見区鶴見中央3-14-1", "haz": {"flood": 0, "landslide": 1, "hightide": 1, "quake": 1, "tsunami": 0, "fire": 0, "inland": 0, "volcano": 0}}}, {"type": "Feature", "geometry": {"type": "Point", "coordinates": [139.685132, 35.509719]}, "properties": {"name": "横浜市立鶴見中学校　校舎２８", "ward": "鶴見区", "address": "神奈川県横浜市鶴見区鶴見中央3-14-1", "haz": {"flood": 1, "landslide": 1, "hightide": 1, "quake": 1, "tsunami": 0, "fire": 0, "inland": 0, "volcano": 0}}}, {"type": "Feature", "geometry": {"type": "Point", "coordinates": [139.68539, 35.509544]}, "properties": {"name": "横浜市立鶴見中学校　校舎２１－３", "ward": "鶴見区", "address": "神奈川県横浜市鶴見区鶴見中央3-14-1", "haz": {"flood": 1, "landslide": 1, "hightide": 1, "quake": 1, "tsunami": 0, "fire": 0, "inland": 0, "volcano": 0}}}, {"type": "Feature", "geometry": {"type": "Point", "coordinates": [139.684531, 35.509968]}, "properties": {"name": "横浜市立鶴見中学校　校舎１２（３階以上）", "ward": "鶴見区", "address": "神奈川県横浜市鶴見区鶴見中央3-14-1", "haz": {"flood": 1, "landslide": 1, "hightide": 1, "quake": 1, "tsunami": 0, "fire": 0, "inland": 0, "volcano": 0}}}, {"type": "Feature", "geometry": {"type": "Point", "coordinates": [139.684301, 35.50992]}, "properties": {"name": "横浜市立鶴見中学校　校舎１２", "ward": "鶴見区", "address": "神奈川県横浜市鶴見区鶴見中央3-14-1", "haz": {"flood": 1, "landslide": 1, "hightide": 1, "quake": 1, "tsunami": 0, "fire": 0, "inland": 0, "volcano": 0}}}, {"type": "Feature", "geometry": {"type": "Point", "coordinates": [139.684982, 35.50982]}, "properties": {"name": "横浜市立鶴見中学校　校舎１－１（３階以上）", "ward": "鶴見区", "address": "神奈川県横浜市鶴見区鶴見中央3-14-1", "haz": {"flood": 1, "landslide": 1, "hightide": 1, "quake": 1, "tsunami": 0, "fire": 0, "inland": 0, "volcano": 0}}}, {"type": "Feature", "geometry": {"type": "Point", "coordinates": [139.684869, 35.509885]}, "properties": {"name": "横浜市立鶴見中学校　校舎１－１", "ward": "鶴見区", "address": "神奈川県横浜市鶴見区鶴見中央3-14-1", "haz": {"flood": 1, "landslide": 1, "hightide": 1, "quake": 1, "tsunami": 0, "fire": 0, "inland": 0, "volcano": 0}}}, {"type": "Feature", "geometry": {"type": "Point", "coordinates": [139.68411, 35.50879]}, "properties": {"name": "横浜市立鶴見小学校　校舎１", "ward": "鶴見区", "address": "神奈川県横浜市鶴見区鶴見中央3-19-1", "haz": {"flood": 1, "landslide": 1, "hightide": 1, "quake": 1, "tsunami": 0, "fire": 0, "inland": 0, "volcano": 0}}}, {"type": "Feature", "geometry": {"type": "Point", "coordinates": [139.684405, 35.509074]}, "properties": {"name": "横浜市立鶴見小学校　校舎２６－２", "ward": "鶴見区", "address": "神奈川県横浜市鶴見区鶴見中央3-19-1", "haz": {"flood": 1, "landslide": 1, "hightide": 1, "quake": 1, "tsunami": 0, "fire": 0, "inland": 0, "volcano": 0}}}, {"type": "Feature", "geometry": {"type": "Point", "coordinates": [139.684309, 35.508969]}, "properties": {"name": "横浜市立鶴見小学校　校舎２６－２（３階以上）", "ward": "鶴見区", "address": "神奈川県横浜市鶴見区鶴見中央3-19-1", "haz": {"flood": 1, "landslide": 1, "hightide": 1, "quake": 1, "tsunami": 0, "fire": 0, "inland": 0, "volcano": 0}}}, {"type": "Feature", "geometry": {"type": "Point", "coordinates": [139.683359, 35.509004]}, "properties": {"name": "横浜市立鶴見小学校　体育館８－１", "ward": "鶴見区", "address": "神奈川県横浜市鶴見区鶴見中央3-19-1", "haz": {"flood": 0, "landslide": 1, "hightide": 1, "quake": 1, "tsunami": 0, "fire": 0, "inland": 0, "volcano": 0}}}, {"type": "Feature", "geometry": {"type": "Point", "coordinates": [139.683552, 35.509222]}, "properties": {"name": "横浜市立鶴見小学校　校舎１８（３階以上）", "ward": "鶴見区", "address": "神奈川県横浜市鶴見区鶴見中央3-19-1", "haz": {"flood": 1, "landslide": 1, "hightide": 1, "quake": 1, "tsunami": 0, "fire": 0, "inland": 0, "volcano": 0}}}, {"type": "Feature", "geometry": {"type": "Point", "coordinates": [139.683622, 35.509323]}, "properties": {"name": "横浜市立鶴見小学校　校舎１８", "ward": "鶴見区", "address": "神奈川県横浜市鶴見区鶴見中央3-19-1", "haz": {"flood": 1, "landslide": 1, "hightide": 1, "quake": 1, "tsunami": 0, "fire": 0, "inland": 0, "volcano": 0}}}, {"type": "Feature", "geometry": {"type": "Point", "coordinates": [139.684218, 35.509157]}, "properties": {"name": "横浜市立鶴見小学校　校舎１０（３階以上）", "ward": "鶴見区", "address": "神奈川県横浜市鶴見区鶴見中央3-19-1", "haz": {"flood": 1, "landslide": 1, "hightide": 1, "quake": 1, "tsunami": 0, "fire": 0, "inland": 0, "volcano": 0}}}, {"type": "Feature", "geometry": {"type": "Point", "coordinates": [139.683971, 35.509275]}, "properties": {"name": "横浜市立鶴見小学校　校舎１０", "ward": "鶴見区", "address": "神奈川県横浜市鶴見区鶴見中央3-19-1", "haz": {"flood": 1, "landslide": 1, "hightide": 1, "quake": 1, "tsunami": 0, "fire": 0, "inland": 0, "volcano": 0}}}, {"type": "Feature", "geometry": {"type": "Point", "coordinates": [139.657606, 35.504467]}, "properties": {"name": "横浜市立寺尾小学校　体育館５", "ward": "鶴見区", "address": "神奈川県横浜市鶴見区東寺尾5-19-1", "haz": {"flood": 1, "landslide": 1, "hightide": 1, "quake": 1, "tsunami": 0, "fire": 0, "inland": 0, "volcano": 0}}}, {"type": "Feature", "geometry": {"type": "Point", "coordinates": [139.65804, 35.504166]}, "properties": {"name": "横浜市立寺尾小学校　校舎１６－１", "ward": "鶴見区", "address": "神奈川県横浜市鶴見区東寺尾5-19-1", "haz": {"flood": 1, "landslide": 0, "hightide": 1, "quake": 1, "tsunami": 0, "fire": 0, "inland": 0, "volcano": 0}}}, {"type": "Feature", "geometry": {"type": "Point", "coordinates": [139.6573, 35.503454]}, "properties": {"name": "横浜市立寺尾小学校　校舎４", "ward": "鶴見区", "address": "神奈川県横浜市鶴見区東寺尾5-19-1", "haz": {"flood": 1, "landslide": 0, "hightide": 1, "quake": 1, "tsunami": 0, "fire": 0, "inland": 0, "volcano": 0}}}, {"type": "Feature", "geometry": {"type": "Point", "coordinates": [139.657182, 35.503983]}, "properties": {"name": "横浜市立寺尾小学校　校舎１", "ward": "鶴見区", "address": "神奈川県横浜市鶴見区東寺尾5-19-1", "haz": {"flood": 1, "landslide": 1, "hightide": 1, "quake": 1, "tsunami": 0, "fire": 0, "inland": 0, "volcano": 0}}}, {"type": "Feature", "geometry": {"type": "Point", "coordinates": [139.664714, 35.503578]}, "properties": {"name": "横浜市立東台小学校　校舎１３", "ward": "鶴見区", "address": "神奈川県横浜市鶴見区東寺尾東台12-1", "haz": {"flood": 1, "landslide": 1, "hightide": 1, "quake": 1, "tsunami": 0, "fire": 0, "inland": 0, "volcano": 0}}}, {"type": "Feature", "geometry": {"type": "Point", "coordinates": [139.664559, 35.50318]}, "properties": {"name": "横浜市立東台小学校　体育館１４－２", "ward": "鶴見区", "address": "神奈川県横浜市鶴見区東寺尾東台12-1", "haz": {"flood": 1, "landslide": 1, "hightide": 1, "quake": 1, "tsunami": 0, "fire": 0, "inland": 0, "volcano": 0}}}, {"type": "Feature", "geometry": {"type": "Point", "coordinates": [139.664468, 35.503263]}, "properties": {"name": "横浜市立東台小学校　校舎１４－１", "ward": "鶴見区", "address": "神奈川県横浜市鶴見区東寺尾東台12-1", "haz": {"flood": 1, "landslide": 1, "hightide": 1, "quake": 1, "tsunami": 0, "fire": 0, "inland": 0, "volcano": 0}}}, {"type": "Feature", "geometry": {"type": "Point", "coordinates": [139.664349, 35.503761]}, "properties": {"name": "横浜市立東台小学校　校舎１０", "ward": "鶴見区", "address": "神奈川県横浜市鶴見区東寺尾東台12-1", "haz": {"flood": 1, "landslide": 1, "hightide": 1, "quake": 1, "tsunami": 0, "fire": 0, "inland": 0, "volcano": 0}}}, {"type": "Feature", "geometry": {"type": "Point", "coordinates": [139.663781, 35.503591]}, "properties": {"name": "横浜市立東台小学校　校舎６", "ward": "鶴見区", "address": "神奈川県横浜市鶴見区東寺尾東台12-1", "haz": {"flood": 1, "landslide": 1, "hightide": 1, "quake": 1, "tsunami": 0, "fire": 0, "inland": 0, "volcano": 0}}}, {"type": "Feature", "geometry": {"type": "Point", "coordinates": [139.653896, 35.507099]}, "properties": {"name": "横浜市立上寺尾小学校　校舎１", "ward": "鶴見区", "address": "神奈川県横浜市鶴見区馬場3-21-21", "haz": {"flood": 1, "landslide": 0, "hightide": 1, "quake": 1, "tsunami": 0, "fire": 0, "inland": 0, "volcano": 0}}}, {"type": "Feature", "geometry": {"type": "Point", "coordinates": [139.653558, 35.507331]}, "properties": {"name": "横浜市立上寺尾小学校　体育館１－２", "ward": "鶴見区", "address": "神奈川県横浜市鶴見区馬場3-21-21", "haz": {"flood": 1, "landslide": 0, "hightide": 1, "quake": 1, "tsunami": 0, "fire": 0, "inland": 0, "volcano": 0}}}, {"type": "Feature", "geometry": {"type": "Point", "coordinates": [139.644757, 35.509699]}, "properties": {"name": "横浜市立馬場小学校　体育館２－１", "ward": "鶴見区", "address": "神奈川県横浜市鶴見区馬場7-20-1", "haz": {"flood": 1, "landslide": 1, "hightide": 1, "quake": 1, "tsunami": 0, "fire": 0, "inland": 0, "volcano": 0}}}, {"type": "Feature", "geometry": {"type": "Point", "coordinates": [139.644103, 35.510162]}, "properties": {"name": "横浜市立馬場小学校　校舎１", "ward": "鶴見区", "address": "神奈川県横浜市鶴見区馬場7-20-1", "haz": {"flood": 1, "landslide": 1, "hightide": 1, "quake": 1, "tsunami": 0, "fire": 0, "inland": 0, "volcano": 0}}}, {"type": "Feature", "geometry": {"type": "Point", "coordinates": [139.644505, 35.509943]}, "properties": {"name": "横浜市立馬場小学校　校舎６", "ward": "鶴見区", "address": "神奈川県横浜市鶴見区馬場7-20-1", "haz": {"flood": 1, "landslide": 1, "hightide": 1, "quake": 1, "tsunami": 0, "fire": 0, "inland": 0, "volcano": 0}}}, {"type": "Feature", "geometry": {"type": "Point", "coordinates": [139.644039, 35.5099]}, "properties": {"name": "横浜市立馬場小学校　校舎１０", "ward": "鶴見区", "address": "神奈川県横浜市鶴見区馬場7-20-1", "haz": {"flood": 1, "landslide": 1, "hightide": 1, "quake": 1, "tsunami": 0, "fire": 0, "inland": 0, "volcano": 0}}}, {"type": "Feature", "geometry": {"type": "Point", "coordinates": [139.693399, 35.501232]}, "properties": {"name": "横浜市立入船小学校　校舎１３（３階以上）（※洪水は最大規模）", "ward": "鶴見区", "address": "神奈川県横浜市鶴見区浜町1-1-1", "haz": {"flood": 1, "landslide": 1, "hightide": 1, "quake": 1, "tsunami": 0, "fire": 0, "inland": 0, "volcano": 0}}}, {"type": "Feature", "geometry": {"type": "Point", "coordinates": [139.692417, 35.500874]}, "properties": {"name": "横浜市立入船小学校　体育館２１", "ward": "鶴見区", "address": "神奈川県横浜市鶴見区浜町1-1-1", "haz": {"flood": 0, "landslide": 1, "hightide": 1, "quake": 1, "tsunami": 1, "fire": 0, "inland": 0, "volcano": 0}}}, {"type": "Feature", "geometry": {"type": "Point", "coordinates": [139.692455, 35.501219]}, "properties": {"name": "横浜市立入船小学校　校舎１１", "ward": "鶴見区", "address": "神奈川県横浜市鶴見区浜町1-1-1", "haz": {"flood": 1, "landslide": 1, "hightide": 1, "quake": 1, "tsunami": 1, "fire": 0, "inland": 0, "volcano": 0}}}, {"type": "Feature", "geometry": {"type": "Point", "coordinates": [139.692648, 35.501219]}, "properties": {"name": "横浜市立入船小学校　校舎１１（２階以上）（※洪水は計画規模）", "ward": "鶴見区", "address": "神奈川県横浜市鶴見区浜町1-1-1", "haz": {"flood": 1, "landslide": 1, "hightide": 1, "quake": 1, "tsunami": 0, "fire": 0, "inland": 0, "volcano": 0}}}, {"type": "Feature", "geometry": {"type": "Point", "coordinates": [139.692846, 35.50121]}, "properties": {"name": "横浜市立入船小学校　校舎１１（３階以上）（※洪水は最大規模）", "ward": "鶴見区", "address": "神奈川県横浜市鶴見区浜町1-1-1", "haz": {"flood": 1, "landslide": 1, "hightide": 1, "quake": 1, "tsunami": 0, "fire": 0, "inland": 0, "volcano": 0}}}, {"type": "Feature", "geometry": {"type": "Point", "coordinates": [139.69312, 35.501228]}, "properties": {"name": "横浜市立入船小学校　校舎１３", "ward": "鶴見区", "address": "神奈川県横浜市鶴見区浜町1-1-1", "haz": {"flood": 1, "landslide": 1, "hightide": 1, "quake": 1, "tsunami": 1, "fire": 0, "inland": 0, "volcano": 0}}}, {"type": "Feature", "geometry": {"type": "Point", "coordinates": [139.693265, 35.501232]}, "properties": {"name": "横浜市立入船小学校　校舎１３（２階以上）（※洪水は計画規模）", "ward": "鶴見区", "address": "神奈川県横浜市鶴見区浜町1-1-1", "haz": {"flood": 1, "landslide": 1, "hightide": 1, "quake": 1, "tsunami": 0, "fire": 0, "inland": 0, "volcano": 0}}}, {"type": "Feature", "geometry": {"type": "Point", "coordinates": [139.692043, 35.512436]}, "properties": {"name": "横浜市立平安小学校　校舎１１", "ward": "鶴見区", "address": "神奈川県横浜市鶴見区平安町2-9-1", "haz": {"flood": 1, "landslide": 1, "hightide": 1, "quake": 1, "tsunami": 0, "fire": 0, "inland": 0, "volcano": 0}}}, {"type": "Feature", "geometry": {"type": "Point", "coordinates": [139.692091, 35.512296]}, "properties": {"name": "横浜市立平安小学校　校舎１１（３階以上）", "ward": "鶴見区", "address": "神奈川県横浜市鶴見区平安町2-9-1", "haz": {"flood": 1, "landslide": 1, "hightide": 1, "quake": 1, "tsunami": 0, "fire": 0, "inland": 0, "volcano": 0}}}, {"type": "Feature", "geometry": {"type": "Point", "coordinates": [139.69236, 35.512418]}, "properties": {"name": "横浜市立平安小学校　校舎２０", "ward": "鶴見区", "address": "神奈川県横浜市鶴見区平安町2-9-1", "haz": {"flood": 1, "landslide": 1, "hightide": 1, "quake": 1, "tsunami": 0, "fire": 0, "inland": 0, "volcano": 0}}}, {"type": "Feature", "geometry": {"type": "Point", "coordinates": [139.692563, 35.512034]}, "properties": {"name": "横浜市立平安小学校　体育館１７", "ward": "鶴見区", "address": "神奈川県横浜市鶴見区平安町2-9-1", "haz": {"flood": 0, "landslide": 1, "hightide": 1, "quake": 1, "tsunami": 0, "fire": 0, "inland": 0, "volcano": 0}}}, {"type": "Feature", "geometry": {"type": "Point", "coordinates": [139.692125, 35.512077]}, "properties": {"name": "横浜市立平安小学校　校舎１", "ward": "鶴見区", "address": "神奈川県横浜市鶴見区平安町2-9-1", "haz": {"flood": 1, "landslide": 1, "hightide": 1, "quake": 1, "tsunami": 0, "fire": 0, "inland": 0, "volcano": 0}}}, {"type": "Feature", "geometry": {"type": "Point", "coordinates": [139.692547, 35.512466]}, "properties": {"name": "横浜市立平安小学校　校舎６", "ward": "鶴見区", "address": "神奈川県横浜市鶴見区平安町2-9-1", "haz": {"flood": 1, "landslide": 1, "hightide": 1, "quake": 1, "tsunami": 0, "fire": 0, "inland": 0, "volcano": 0}}}, {"type": "Feature", "geometry": {"type": "Point", "coordinates": [139.692596, 35.512331]}, "properties": {"name": "横浜市立平安小学校　校舎６（３階以上）", "ward": "鶴見区", "address": "神奈川県横浜市鶴見区平安町2-9-1", "haz": {"flood": 1, "landslide": 1, "hightide": 1, "quake": 1, "tsunami": 0, "fire": 0, "inland": 0, "volcano": 0}}}, {"type": "Feature", "geometry": {"type": "Point", "coordinates": [139.692252, 35.5122]}, "properties": {"name": "横浜市立平安小学校　校舎９", "ward": "鶴見区", "address": "神奈川県横浜市鶴見区平安町2-9-1", "haz": {"flood": 1, "landslide": 1, "hightide": 1, "quake": 1, "tsunami": 0, "fire": 0, "inland": 0, "volcano": 0}}}, {"type": "Feature", "geometry": {"type": "Point", "coordinates": [139.692413, 35.512235]}, "properties": {"name": "横浜市立平安小学校　校舎９（３階以上）", "ward": "鶴見区", "address": "神奈川県横浜市鶴見区平安町2-9-1", "haz": {"flood": 1, "landslide": 1, "hightide": 1, "quake": 1, "tsunami": 0, "fire": 0, "inland": 0, "volcano": 0}}}, {"type": "Feature", "geometry": {"type": "Point", "coordinates": [139.67523, 35.512364]}, "properties": {"name": "横浜市立豊岡小学校　校舎２２", "ward": "鶴見区", "address": "神奈川県横浜市鶴見区豊岡町27-1", "haz": {"flood": 1, "landslide": 1, "hightide": 1, "quake": 1, "tsunami": 0, "fire": 0, "inland": 0, "volcano": 0}}}, {"type": "Feature", "geometry": {"type": "Point", "coordinates": [139.675364, 35.51194]}, "properties": {"name": "横浜市立豊岡小学校　体育館１５－２", "ward": "鶴見区", "address": "神奈川県横浜市鶴見区豊岡町27-1", "haz": {"flood": 1, "landslide": 1, "hightide": 1, "quake": 1, "tsunami": 0, "fire": 0, "inland": 0, "volcano": 0}}}, {"type": "Feature", "geometry": {"type": "Point", "coordinates": [139.675364, 35.512111]}, "properties": {"name": "横浜市立豊岡小学校　校舎１５－１", "ward": "鶴見区", "address": "神奈川県横浜市鶴見区豊岡町27-1", "haz": {"flood": 1, "landslide": 1, "hightide": 1, "quake": 1, "tsunami": 0, "fire": 0, "inland": 0, "volcano": 0}}}, {"type": "Feature", "geometry": {"type": "Point", "coordinates": [139.67509, 35.512862]}, "properties": {"name": "横浜市立豊岡小学校　校舎１１－１", "ward": "鶴見区", "address": "神奈川県横浜市鶴見区豊岡町27-1", "haz": {"flood": 1, "landslide": 1, "hightide": 1, "quake": 1, "tsunami": 0, "fire": 0, "inland": 0, "volcano": 0}}}, {"type": "Feature", "geometry": {"type": "Point", "coordinates": [139.674811, 35.5127]}, "properties": {"name": "横浜市立豊岡小学校　校舎１０－１", "ward": "鶴見区", "address": "神奈川県横浜市鶴見区豊岡町27-1", "haz": {"flood": 1, "landslide": 1, "hightide": 1, "quake": 1, "tsunami": 0, "fire": 0, "inland": 0, "volcano": 0}}}, {"type": "Feature", "geometry": {"type": "Point", "coordinates": [139.675015, 35.512617]}, "properties": {"name": "横浜市立豊岡小学校　校舎９", "ward": "鶴見区", "address": "神奈川県横浜市鶴見区豊岡町27-1", "haz": {"flood": 1, "landslide": 1, "hightide": 1, "quake": 1, "tsunami": 0, "fire": 0, "inland": 0, "volcano": 0}}}, {"type": "Feature", "geometry": {"type": "Point", "coordinates": [139.67561, 35.512006]}, "properties": {"name": "横浜市立豊岡小学校　校舎８", "ward": "鶴見区", "address": "神奈川県横浜市鶴見区豊岡町27-1", "haz": {"flood": 1, "landslide": 1, "hightide": 1, "quake": 1, "tsunami": 0, "fire": 0, "inland": 0, "volcano": 0}}}, {"type": "Feature", "geometry": {"type": "Point", "coordinates": [139.674811, 35.512875]}, "properties": {"name": "横浜市立豊岡小学校　校舎１－２", "ward": "鶴見区", "address": "神奈川県横浜市鶴見区豊岡町27-1", "haz": {"flood": 1, "landslide": 1, "hightide": 1, "quake": 1, "tsunami": 0, "fire": 0, "inland": 0, "volcano": 0}}}, {"type": "Feature", "geometry": {"type": "Point", "coordinates": [139.658665, 35.52004]}, "properties": {"name": "横浜市立寺尾中学校　校舎２１", "ward": "鶴見区", "address": "神奈川県横浜市鶴見区北寺尾3-13-1", "haz": {"flood": 1, "landslide": 1, "hightide": 1, "quake": 1, "tsunami": 0, "fire": 0, "inland": 0, "volcano": 0}}}, {"type": "Feature", "geometry": {"type": "Point", "coordinates": [139.658391, 35.519891]}, "properties": {"name": "横浜市立寺尾中学校　体育館２４", "ward": "鶴見区", "address": "神奈川県横浜市鶴見区北寺尾3-13-1", "haz": {"flood": 1, "landslide": 1, "hightide": 1, "quake": 1, "tsunami": 0, "fire": 0, "inland": 0, "volcano": 0}}}, {"type": "Feature", "geometry": {"type": "Point", "coordinates": [139.659008, 35.520315]}, "properties": {"name": "横浜市立寺尾中学校　校舎１４－２", "ward": "鶴見区", "address": "神奈川県横浜市鶴見区北寺尾3-13-1", "haz": {"flood": 1, "landslide": 1, "hightide": 1, "quake": 1, "tsunami": 0, "fire": 0, "inland": 0, "volcano": 0}}}, {"type": "Feature", "geometry": {"type": "Point", "coordinates": [139.659394, 35.520354]}, "properties": {"name": "横浜市立寺尾中学校　校舎７", "ward": "鶴見区", "address": "神奈川県横浜市鶴見区北寺尾3-13-1", "haz": {"flood": 1, "landslide": 1, "hightide": 1, "quake": 1, "tsunami": 0, "fire": 0, "inland": 0, "volcano": 0}}}, {"type": "Feature", "geometry": {"type": "Point", "coordinates": [139.659131, 35.519883]}, "properties": {"name": "横浜市立寺尾中学校　校舎２０－１", "ward": "鶴見区", "address": "神奈川県横浜市鶴見区北寺尾3-13-1", "haz": {"flood": 1, "landslide": 1, "hightide": 1, "quake": 1, "tsunami": 0, "fire": 0, "inland": 0, "volcano": 0}}}, {"type": "Feature", "geometry": {"type": "Point", "coordinates": [139.654858, 35.516198]}, "properties": {"name": "横浜市立旭小学校　校舎１２", "ward": "鶴見区", "address": "神奈川県横浜市鶴見区北寺尾4-25-1", "haz": {"flood": 1, "landslide": 1, "hightide": 1, "quake": 1, "tsunami": 0, "fire": 0, "inland": 0, "volcano": 0}}}, {"type": "Feature", "geometry": {"type": "Point", "coordinates": [139.654569, 35.516071]}, "properties": {"name": "横浜市立旭小学校　校舎２４", "ward": "鶴見区", "address": "神奈川県横浜市鶴見区北寺尾4-25-1", "haz": {"flood": 1, "landslide": 1, "hightide": 1, "quake": 1, "tsunami": 0, "fire": 0, "inland": 0, "volcano": 0}}}, {"type": "Feature", "geometry": {"type": "Point", "coordinates": [139.654595, 35.516604]}, "properties": {"name": "横浜市立旭小学校　校舎１０－１", "ward": "鶴見区", "address": "神奈川県横浜市鶴見区北寺尾4-25-1", "haz": {"flood": 1, "landslide": 1, "hightide": 1, "quake": 1, "tsunami": 0, "fire": 0, "inland": 0, "volcano": 0}}}, {"type": "Feature", "geometry": {"type": "Point", "coordinates": [139.654644, 35.516491]}, "properties": {"name": "横浜市立旭小学校　体育館１１", "ward": "鶴見区", "address": "神奈川県横浜市鶴見区北寺尾4-25-1", "haz": {"flood": 1, "landslide": 1, "hightide": 1, "quake": 1, "tsunami": 0, "fire": 0, "inland": 0, "volcano": 0}}}, {"type": "Feature", "geometry": {"type": "Point", "coordinates": [139.67491, 35.529217]}, "properties": {"name": "横浜市立矢向中学校　校舎１６（２階以上）（※洪水は計画規模）", "ward": "鶴見区", "address": "神奈川県横浜市鶴見区矢向1-8-24", "haz": {"flood": 1, "landslide": 1, "hightide": 1, "quake": 1, "tsunami": 0, "fire": 0, "inland": 0, "volcano": 0}}}, {"type": "Feature", "geometry": {"type": "Point", "coordinates": [139.674706, 35.529235]}, "properties": {"name": "横浜市立矢向中学校　校舎１６", "ward": "鶴見区", "address": "神奈川県横浜市鶴見区矢向1-8-24", "haz": {"flood": 1, "landslide": 1, "hightide": 1, "quake": 1, "tsunami": 0, "fire": 0, "inland": 0, "volcano": 0}}}, {"type": "Feature", "geometry": {"type": "Point", "coordinates": [139.67469, 35.528514]}, "properties": {"name": "横浜市立矢向中学校　校舎１（３階以上）（※洪水は最大規模）", "ward": "鶴見区", "address": "神奈川県横浜市鶴見区矢向1-8-24", "haz": {"flood": 1, "landslide": 1, "hightide": 1, "quake": 1, "tsunami": 0, "fire": 0, "inland": 0, "volcano": 0}}}, {"type": "Feature", "geometry": {"type": "Point", "coordinates": [139.67469, 35.528802]}, "properties": {"name": "横浜市立矢向中学校　校舎１（２階以上）（※洪水は計画規模）", "ward": "鶴見区", "address": "神奈川県横浜市鶴見区矢向1-8-24", "haz": {"flood": 1, "landslide": 1, "hightide": 1, "quake": 1, "tsunami": 0, "fire": 0, "inland": 0, "volcano": 0}}}, {"type": "Feature", "geometry": {"type": "Point", "coordinates": [139.674695, 35.52903]}, "properties": {"name": "横浜市立矢向中学校　校舎１", "ward": "鶴見区", "address": "神奈川県横浜市鶴見区矢向1-8-24", "haz": {"flood": 1, "landslide": 1, "hightide": 1, "quake": 1, "tsunami": 0, "fire": 0, "inland": 0, "volcano": 0}}}, {"type": "Feature", "geometry": {"type": "Point", "coordinates": [139.674577, 35.529056]}, "properties": {"name": "横浜市立矢向中学校　校舎１７（２階以上）（※洪水は計画規模）", "ward": "鶴見区", "address": "神奈川県横浜市鶴見区矢向1-8-24", "haz": {"flood": 1, "landslide": 1, "hightide": 1, "quake": 1, "tsunami": 0, "fire": 0, "inland": 0, "volcano": 0}}}, {"type": "Feature", "geometry": {"type": "Point", "coordinates": [139.674867, 35.529335]}, "properties": {"name": "横浜市立矢向中学校　校舎１９", "ward": "鶴見区", "address": "神奈川県横浜市鶴見区矢向1-8-24", "haz": {"flood": 0, "landslide": 1, "hightide": 1, "quake": 1, "tsunami": 0, "fire": 0, "inland": 0, "volcano": 0}}}, {"type": "Feature", "geometry": {"type": "Point", "coordinates": [139.674572, 35.529134]}, "properties": {"name": "横浜市立矢向中学校　校舎１７", "ward": "鶴見区", "address": "神奈川県横浜市鶴見区矢向1-8-24", "haz": {"flood": 1, "landslide": 1, "hightide": 1, "quake": 1, "tsunami": 0, "fire": 0, "inland": 0, "volcano": 0}}}, {"type": "Feature", "geometry": {"type": "Point", "coordinates": [139.67513, 35.529204]}, "properties": {"name": "横浜市立矢向中学校　校舎１６（３階以上）（※洪水は最大規模）", "ward": "鶴見区", "address": "神奈川県横浜市鶴見区矢向1-8-24", "haz": {"flood": 1, "landslide": 1, "hightide": 1, "quake": 1, "tsunami": 0, "fire": 0, "inland": 0, "volcano": 0}}}, {"type": "Feature", "geometry": {"type": "Point", "coordinates": [139.679195, 35.533501]}, "properties": {"name": "横浜市立矢向小学校　校舎４（３階以上）（※洪水は最大規模）", "ward": "鶴見区", "address": "神奈川県横浜市鶴見区矢向3-8-1", "haz": {"flood": 1, "landslide": 1, "hightide": 1, "quake": 1, "tsunami": 0, "fire": 0, "inland": 0, "volcano": 0}}}, {"type": "Feature", "geometry": {"type": "Point", "coordinates": [139.679323, 35.532846]}, "properties": {"name": "横浜市立矢向小学校　校舎５－１", "ward": "鶴見区", "address": "神奈川県横浜市鶴見区矢向3-8-1", "haz": {"flood": 1, "landslide": 1, "hightide": 1, "quake": 1, "tsunami": 0, "fire": 0, "inland": 0, "volcano": 0}}}, {"type": "Feature", "geometry": {"type": "Point", "coordinates": [139.679044, 35.532889]}, "properties": {"name": "横浜市立矢向小学校　校舎８－１（３階以上）（※洪水は最大規模）", "ward": "鶴見区", "address": "神奈川県横浜市鶴見区矢向3-8-1", "haz": {"flood": 1, "landslide": 1, "hightide": 1, "quake": 1, "tsunami": 0, "fire": 0, "inland": 0, "volcano": 0}}}, {"type": "Feature", "geometry": {"type": "Point", "coordinates": [139.678943, 35.532985]}, "properties": {"name": "横浜市立矢向小学校　校舎８－１（２階以上）（※洪水は計画規模）", "ward": "鶴見区", "address": "神奈川県横浜市鶴見区矢向3-8-1", "haz": {"flood": 1, "landslide": 1, "hightide": 1, "quake": 1, "tsunami": 0, "fire": 0, "inland": 0, "volcano": 0}}}, {"type": "Feature", "geometry": {"type": "Point", "coordinates": [139.679415, 35.532885]}, "properties": {"name": "横浜市立矢向小学校　校舎５－１（２階以上）（※洪水は計画規模）", "ward": "鶴見区", "address": "神奈川県横浜市鶴見区矢向3-8-1", "haz": {"flood": 1, "landslide": 1, "hightide": 1, "quake": 1, "tsunami": 0, "fire": 0, "inland": 0, "volcano": 0}}}, {"type": "Feature", "geometry": {"type": "Point", "coordinates": [139.67949, 35.532929]}, "properties": {"name": "横浜市立矢向小学校　校舎５－１（３階以上）（※洪水は最大規模）", "ward": "鶴見区", "address": "神奈川県横浜市鶴見区矢向3-8-1", "haz": {"flood": 1, "landslide": 1, "hightide": 1, "quake": 1, "tsunami": 0, "fire": 0, "inland": 0, "volcano": 0}}}, {"type": "Feature", "geometry": {"type": "Point", "coordinates": [139.67883, 35.533103]}, "properties": {"name": "横浜市立矢向小学校　校舎８－１", "ward": "鶴見区", "address": "神奈川県横浜市鶴見区矢向3-8-1", "haz": {"flood": 1, "landslide": 1, "hightide": 1, "quake": 1, "tsunami": 0, "fire": 0, "inland": 0, "volcano": 0}}}, {"type": "Feature", "geometry": {"type": "Point", "coordinates": [139.678867, 35.533313]}, "properties": {"name": "横浜市立矢向小学校　校舎４", "ward": "鶴見区", "address": "神奈川県横浜市鶴見区矢向3-8-1", "haz": {"flood": 1, "landslide": 1, "hightide": 1, "quake": 1, "tsunami": 0, "fire": 0, "inland": 0, "volcano": 0}}}, {"type": "Feature", "geometry": {"type": "Point", "coordinates": [139.679034, 35.533409]}, "properties": {"name": "横浜市立矢向小学校　校舎４（２階以上）（※洪水は計画規模）", "ward": "鶴見区", "address": "神奈川県横浜市鶴見区矢向3-8-1", "haz": {"flood": 1, "landslide": 1, "hightide": 1, "quake": 1, "tsunami": 0, "fire": 0, "inland": 0, "volcano": 0}}}, {"type": "Feature", "geometry": {"type": "Point", "coordinates": [139.67987, 35.53333]}, "properties": {"name": "横浜市立矢向小学校　校舎９－１（３階以上）（※洪水は最大規模）", "ward": "鶴見区", "address": "神奈川県横浜市鶴見区矢向3-8-1(横浜市立矢向小学校　校舎９－１（３階以上）", "haz": {"flood": 1, "landslide": 1, "hightide": 1, "quake": 1, "tsunami": 0, "fire": 0, "inland": 0, "volcano": 0}}}, {"type": "Feature", "geometry": {"type": "Point", "coordinates": [139.675065, 35.528484]}, "properties": {"name": "横浜市立矢向中学校　体育館３－１", "ward": "鶴見区", "address": "神奈川県横浜市鶴見区矢向１－８－２４（横浜市立矢向中学校　体育館３－１）", "haz": {"flood": 0, "landslide": 1, "hightide": 1, "quake": 1, "tsunami": 0, "fire": 0, "inland": 0, "volcano": 0}}}, {"type": "Feature", "geometry": {"type": "Point", "coordinates": [139.679795, 35.533396]}, "properties": {"name": "横浜市立矢向小学校　校舎９－１（２階以上）（※洪水は計画規模）", "ward": "鶴見区", "address": "神奈川県横浜市鶴見区矢向３－８－１（横浜市立矢向小学校　校舎９－１（２階以上）", "haz": {"flood": 1, "landslide": 1, "hightide": 1, "quake": 1, "tsunami": 0, "fire": 0, "inland": 0, "volcano": 0}}}, {"type": "Feature", "geometry": {"type": "Point", "coordinates": [139.679726, 35.533479]}, "properties": {"name": "横浜市立矢向小学校　校舎９－１", "ward": "鶴見区", "address": "神奈川県横浜市鶴見区矢向３－８－１（横浜市立矢向小学校　校舎９－１）", "haz": {"flood": 1, "landslide": 1, "hightide": 1, "quake": 1, "tsunami": 0, "fire": 0, "inland": 0, "volcano": 0}}}, {"type": "Feature", "geometry": {"type": "Point", "coordinates": [139.679565, 35.533518]}, "properties": {"name": "横浜市立矢向小学校　校舎９－２（２階以上）（※洪水は計画規模）", "ward": "鶴見区", "address": "神奈川県横浜市鶴見区矢向３－８－１（横浜市立矢向小学校　校舎９－２（２階以上）", "haz": {"flood": 1, "landslide": 1, "hightide": 1, "quake": 1, "tsunami": 0, "fire": 0, "inland": 0, "volcano": 0}}}, {"type": "Feature", "geometry": {"type": "Point", "coordinates": [139.679645, 35.533557]}, "properties": {"name": "横浜市立矢向小学校　校舎９－２（３階以上）（※洪水は最大規模）", "ward": "鶴見区", "address": "神奈川県横浜市鶴見区矢向３－８－１（横浜市立矢向小学校　校舎９－２（３階以上）", "haz": {"flood": 1, "landslide": 1, "hightide": 1, "quake": 1, "tsunami": 0, "fire": 0, "inland": 0, "volcano": 0}}}, {"type": "Feature", "geometry": {"type": "Point", "coordinates": [139.679484, 35.533466]}, "properties": {"name": "横浜市立矢向小学校　校舎９－２", "ward": "鶴見区", "address": "神奈川県横浜市鶴見区矢向３－８－１（横浜市立矢向小学校　校舎９－２）", "haz": {"flood": 1, "landslide": 1, "hightide": 1, "quake": 1, "tsunami": 0, "fire": 0, "inland": 0, "volcano": 0}}}, {"type": "Feature", "geometry": {"type": "Point", "coordinates": [139.679506, 35.533671]}, "properties": {"name": "横浜市立矢向小学校　体育館７", "ward": "鶴見区", "address": "神奈川県横浜市鶴見区矢向３－８－１（横浜市立矢向小学校　体育館７）", "haz": {"flood": 0, "landslide": 1, "hightide": 1, "quake": 1, "tsunami": 0, "fire": 0, "inland": 0, "volcano": 0}}}, {"type": "Feature", "geometry": {"type": "Point", "coordinates": [139.580091, 35.566169]}, "properties": {"name": "横浜市立すみれが丘小学校　校舎１－１", "ward": "都筑区", "address": "神奈川県横浜市都筑区すみれが丘34", "haz": {"flood": 1, "landslide": 1, "hightide": 0, "quake": 1, "tsunami": 0, "fire": 0, "inland": 0, "volcano": 0}}}, {"type": "Feature", "geometry": {"type": "Point", "coordinates": [139.579705, 35.565881]}, "properties": {"name": "横浜市立すみれが丘小学校　校舎２", "ward": "都筑区", "address": "神奈川県横浜市都筑区すみれが丘34", "haz": {"flood": 1, "landslide": 1, "hightide": 0, "quake": 1, "tsunami": 0, "fire": 0, "inland": 0, "volcano": 0}}}, {"type": "Feature", "geometry": {"type": "Point", "coordinates": [139.580606, 35.566134]}, "properties": {"name": "横浜市立すみれが丘小学校　体育館３", "ward": "都筑区", "address": "神奈川県横浜市都筑区すみれが丘34", "haz": {"flood": 1, "landslide": 1, "hightide": 0, "quake": 1, "tsunami": 0, "fire": 0, "inland": 0, "volcano": 0}}}, {"type": "Feature", "geometry": {"type": "Point", "coordinates": [139.565808, 35.545637]}, "properties": {"name": "横浜市立つづきの丘小学校　校舎１", "ward": "都筑区", "address": "神奈川県横浜市都筑区荏田東1-22-1", "haz": {"flood": 1, "landslide": 1, "hightide": 0, "quake": 1, "tsunami": 0, "fire": 0, "inland": 0, "volcano": 0}}}, {"type": "Feature", "geometry": {"type": "Point", "coordinates": [139.565448, 35.545737]}, "properties": {"name": "横浜市立つづきの丘小学校　校舎２", "ward": "都筑区", "address": "神奈川県横浜市都筑区荏田東1-22-1", "haz": {"flood": 1, "landslide": 1, "hightide": 0, "quake": 1, "tsunami": 0, "fire": 0, "inland": 0, "volcano": 0}}}, {"type": "Feature", "geometry": {"type": "Point", "coordinates": [139.565657, 35.546139]}, "properties": {"name": "横浜市立つづきの丘小学校　体育館４－１", "ward": "都筑区", "address": "神奈川県横浜市都筑区荏田東1-22-1", "haz": {"flood": 1, "landslide": 1, "hightide": 0, "quake": 1, "tsunami": 0, "fire": 0, "inland": 0, "volcano": 0}}}, {"type": "Feature", "geometry": {"type": "Point", "coordinates": [139.563098, 35.546695]}, "properties": {"name": "横浜市立荏田東第一小学校　校舎６", "ward": "都筑区", "address": "神奈川県横浜市都筑区荏田東3-5-1", "haz": {"flood": 1, "landslide": 1, "hightide": 0, "quake": 1, "tsunami": 0, "fire": 1, "inland": 0, "volcano": 0}}}, {"type": "Feature", "geometry": {"type": "Point", "coordinates": [139.562455, 35.546625]}, "properties": {"name": "横浜市立荏田東第一小学校　校舎１", "ward": "都筑区", "address": "神奈川県横浜市都筑区荏田東3-5-1", "haz": {"flood": 1, "landslide": 0, "hightide": 0, "quake": 1, "tsunami": 0, "fire": 1, "inland": 0, "volcano": 0}}}, {"type": "Feature", "geometry": {"type": "Point", "coordinates": [139.562305, 35.547049]}, "properties": {"name": "横浜市立荏田東第一小学校　体育館１－４", "ward": "都筑区", "address": "神奈川県横浜市都筑区荏田東3-5-1", "haz": {"flood": 1, "landslide": 1, "hightide": 0, "quake": 1, "tsunami": 0, "fire": 1, "inland": 0, "volcano": 0}}}, {"type": "Feature", "geometry": {"type": "Point", "coordinates": [139.556406, 35.544455]}, "properties": {"name": "横浜市立荏田南小学校　校舎１", "ward": "都筑区", "address": "神奈川県横浜市都筑区荏田南2-5-2", "haz": {"flood": 1, "landslide": 1, "hightide": 0, "quake": 1, "tsunami": 0, "fire": 1, "inland": 0, "volcano": 0}}}, {"type": "Feature", "geometry": {"type": "Point", "coordinates": [139.556996, 35.543831]}, "properties": {"name": "横浜市立荏田南小学校　体育館１－３", "ward": "都筑区", "address": "神奈川県横浜市都筑区荏田南2-5-2", "haz": {"flood": 1, "landslide": 1, "hightide": 0, "quake": 1, "tsunami": 0, "fire": 1, "inland": 0, "volcano": 0}}}, {"type": "Feature", "geometry": {"type": "Point", "coordinates": [139.556829, 35.544708]}, "properties": {"name": "横浜市立荏田南小学校　校舎９", "ward": "都筑区", "address": "神奈川県横浜市都筑区荏田南2-5-2", "haz": {"flood": 1, "landslide": 1, "hightide": 0, "quake": 1, "tsunami": 0, "fire": 1, "inland": 0, "volcano": 0}}}, {"type": "Feature", "geometry": {"type": "Point", "coordinates": [139.563809, 35.556979]}, "properties": {"name": "横浜市立荏田小学校　体育館７－２", "ward": "都筑区", "address": "神奈川県横浜市都筑区荏田南町694", "haz": {"flood": 1, "landslide": 1, "hightide": 0, "quake": 1, "tsunami": 0, "fire": 0, "inland": 0, "volcano": 0}}}, {"type": "Feature", "geometry": {"type": "Point", "coordinates": [139.563627, 35.557058]}, "properties": {"name": "横浜市立荏田小学校　校舎７（※洪水は計画規模）", "ward": "都筑区", "address": "神奈川県横浜市都筑区荏田南町694", "haz": {"flood": 1, "landslide": 1, "hightide": 0, "quake": 1, "tsunami": 0, "fire": 0, "inland": 0, "volcano": 0}}}, {"type": "Feature", "geometry": {"type": "Point", "coordinates": [139.563911, 35.557223]}, "properties": {"name": "横浜市立荏田小学校　校舎６（２階以上）（※洪水は最大規模）", "ward": "都筑区", "address": "神奈川県横浜市都筑区荏田南町694", "haz": {"flood": 1, "landslide": 1, "hightide": 0, "quake": 1, "tsunami": 0, "fire": 0, "inland": 0, "volcano": 0}}}, {"type": "Feature", "geometry": {"type": "Point", "coordinates": [139.564024, 35.557389]}, "properties": {"name": "横浜市立荏田小学校　校舎６（※洪水は計画規模）", "ward": "都筑区", "address": "神奈川県横浜市都筑区荏田南町694", "haz": {"flood": 1, "landslide": 1, "hightide": 0, "quake": 1, "tsunami": 0, "fire": 0, "inland": 0, "volcano": 0}}}, {"type": "Feature", "geometry": {"type": "Point", "coordinates": [139.563546, 35.557319]}, "properties": {"name": "横浜市立荏田小学校　校舎１－１（２階以上）（※洪水は最大規模）", "ward": "都筑区", "address": "神奈川県横浜市都筑区荏田南町694", "haz": {"flood": 1, "landslide": 1, "hightide": 0, "quake": 1, "tsunami": 0, "fire": 0, "inland": 0, "volcano": 0}}}, {"type": "Feature", "geometry": {"type": "Point", "coordinates": [139.563675, 35.557511]}, "properties": {"name": "横浜市立荏田小学校　校舎１－１（※洪水は計画規模）", "ward": "都筑区", "address": "神奈川県横浜市都筑区荏田南町694", "haz": {"flood": 1, "landslide": 1, "hightide": 0, "quake": 1, "tsunami": 0, "fire": 0, "inland": 0, "volcano": 0}}}, {"type": "Feature", "geometry": {"type": "Point", "coordinates": [139.581121, 35.542606]}, "properties": {"name": "横浜市立茅ケ崎東小学校　校舎２", "ward": "都筑区", "address": "神奈川県横浜市都筑区茅ケ崎東2-11-1", "haz": {"flood": 1, "landslide": 1, "hightide": 0, "quake": 1, "tsunami": 0, "fire": 0, "inland": 0, "volcano": 0}}}, {"type": "Feature", "geometry": {"type": "Point", "coordinates": [139.581158, 35.543161]}, "properties": {"name": "横浜市立茅ケ崎東小学校　体育館４－１", "ward": "都筑区", "address": "神奈川県横浜市都筑区茅ケ崎東2-11-1", "haz": {"flood": 1, "landslide": 1, "hightide": 0, "quake": 1, "tsunami": 0, "fire": 0, "inland": 0, "volcano": 0}}}, {"type": "Feature", "geometry": {"type": "Point", "coordinates": [139.580611, 35.542397]}, "properties": {"name": "横浜市立茅ケ崎東小学校　校舎１", "ward": "都筑区", "address": "神奈川県横浜市都筑区茅ケ崎東2-11-1", "haz": {"flood": 1, "landslide": 1, "hightide": 0, "quake": 1, "tsunami": 0, "fire": 0, "inland": 0, "volcano": 0}}}, {"type": "Feature", "geometry": {"type": "Point", "coordinates": [139.581546, 35.540431]}, "properties": {"name": "横浜市立茅ケ崎中学校　校舎１", "ward": "都筑区", "address": "神奈川県横浜市都筑区茅ケ崎南1-10-1", "haz": {"flood": 1, "landslide": 1, "hightide": 0, "quake": 1, "tsunami": 0, "fire": 0, "inland": 0, "volcano": 0}}}, {"type": "Feature", "geometry": {"type": "Point", "coordinates": [139.582061, 35.5404]}, "properties": {"name": "横浜市立茅ケ崎中学校　校舎６", "ward": "都筑区", "address": "神奈川県横浜市都筑区茅ケ崎南1-10-1", "haz": {"flood": 1, "landslide": 1, "hightide": 0, "quake": 1, "tsunami": 0, "fire": 0, "inland": 0, "volcano": 0}}}, {"type": "Feature", "geometry": {"type": "Point", "coordinates": [139.582715, 35.540261]}, "properties": {"name": "横浜市立茅ケ崎中学校　校舎１２", "ward": "都筑区", "address": "神奈川県横浜市都筑区茅ケ崎南1-10-1", "haz": {"flood": 1, "landslide": 1, "hightide": 0, "quake": 1, "tsunami": 0, "fire": 0, "inland": 0, "volcano": 0}}}, {"type": "Feature", "geometry": {"type": "Point", "coordinates": [139.581353, 35.540902]}, "properties": {"name": "横浜市立茅ケ崎中学校　体育館２", "ward": "都筑区", "address": "神奈川県横浜市都筑区茅ケ崎南1-10-1", "haz": {"flood": 1, "landslide": 1, "hightide": 0, "quake": 1, "tsunami": 0, "fire": 0, "inland": 0, "volcano": 0}}}, {"type": "Feature", "geometry": {"type": "Point", "coordinates": [139.580458, 35.540549]}, "properties": {"name": "横浜市立茅ケ崎小学校　校舎１－５", "ward": "都筑区", "address": "神奈川県横浜市都筑区茅ケ崎南1-11-1", "haz": {"flood": 1, "landslide": 1, "hightide": 0, "quake": 1, "tsunami": 0, "fire": 0, "inland": 0, "volcano": 0}}}, {"type": "Feature", "geometry": {"type": "Point", "coordinates": [139.580517, 35.540248]}, "properties": {"name": "横浜市立茅ケ崎小学校　校舎１－６", "ward": "都筑区", "address": "神奈川県横浜市都筑区茅ケ崎南1-11-1", "haz": {"flood": 1, "landslide": 1, "hightide": 0, "quake": 1, "tsunami": 0, "fire": 0, "inland": 0, "volcano": 0}}}, {"type": "Feature", "geometry": {"type": "Point", "coordinates": [139.580866, 35.5403]}, "properties": {"name": "横浜市立茅ケ崎小学校　校舎１－７", "ward": "都筑区", "address": "神奈川県横浜市都筑区茅ケ崎南1-11-1", "haz": {"flood": 1, "landslide": 1, "hightide": 0, "quake": 1, "tsunami": 0, "fire": 0, "inland": 0, "volcano": 0}}}, {"type": "Feature", "geometry": {"type": "Point", "coordinates": [139.580421, 35.54078]}, "properties": {"name": "横浜市立茅ケ崎小学校　体育館１－３", "ward": "都筑区", "address": "神奈川県横浜市都筑区茅ケ崎南1-11-1", "haz": {"flood": 1, "landslide": 1, "hightide": 0, "quake": 1, "tsunami": 0, "fire": 0, "inland": 0, "volcano": 0}}}, {"type": "Feature", "geometry": {"type": "Point", "coordinates": [139.580866, 35.540632]}, "properties": {"name": "横浜市立茅ケ崎小学校　校舎１－１", "ward": "都筑区", "address": "神奈川県横浜市都筑区茅ケ崎南1-11-1", "haz": {"flood": 1, "landslide": 1, "hightide": 0, "quake": 1, "tsunami": 0, "fire": 0, "inland": 0, "volcano": 0}}}, {"type": "Feature", "geometry": {"type": "Point", "coordinates": [139.58181, 35.559683]}, "properties": {"name": "横浜市立牛久保小学校　校舎２", "ward": "都筑区", "address": "神奈川県横浜市都筑区牛久保1-23-1", "haz": {"flood": 1, "landslide": 1, "hightide": 0, "quake": 1, "tsunami": 0, "fire": 0, "inland": 0, "volcano": 0}}}, {"type": "Feature", "geometry": {"type": "Point", "coordinates": [139.581971, 35.559422]}, "properties": {"name": "横浜市立牛久保小学校　校舎１", "ward": "都筑区", "address": "神奈川県横浜市都筑区牛久保1-23-1", "haz": {"flood": 1, "landslide": 1, "hightide": 0, "quake": 1, "tsunami": 0, "fire": 0, "inland": 0, "volcano": 0}}}, {"type": "Feature", "geometry": {"type": "Point", "coordinates": [139.58233, 35.55967]}, "properties": {"name": "横浜市立牛久保小学校　体育館３", "ward": "都筑区", "address": "神奈川県横浜市都筑区牛久保1-23-1", "haz": {"flood": 1, "landslide": 1, "hightide": 0, "quake": 1, "tsunami": 0, "fire": 0, "inland": 0, "volcano": 0}}}, {"type": "Feature", "geometry": {"type": "Point", "coordinates": [139.587497, 35.550902]}, "properties": {"name": "横浜市立中川小学校　体育館２", "ward": "都筑区", "address": "神奈川県横浜市都筑区牛久保東2-21-1", "haz": {"flood": 1, "landslide": 1, "hightide": 0, "quake": 1, "tsunami": 0, "fire": 0, "inland": 0, "volcano": 0}}}, {"type": "Feature", "geometry": {"type": "Point", "coordinates": [139.58747, 35.550439]}, "properties": {"name": "横浜市立中川小学校　校舎１", "ward": "都筑区", "address": "神奈川県横浜市都筑区牛久保東2-21-1", "haz": {"flood": 1, "landslide": 1, "hightide": 0, "quake": 1, "tsunami": 0, "fire": 0, "inland": 0, "volcano": 0}}}, {"type": "Feature", "geometry": {"type": "Point", "coordinates": [139.595098, 35.543621]}, "properties": {"name": "横浜市立勝田小学校　体育館５", "ward": "都筑区", "address": "神奈川県横浜市都筑区勝田町266", "haz": {"flood": 1, "landslide": 1, "hightide": 0, "quake": 1, "tsunami": 0, "fire": 1, "inland": 0, "volcano": 0}}}, {"type": "Feature", "geometry": {"type": "Point", "coordinates": [139.595194, 35.54336]}, "properties": {"name": "横浜市立勝田小学校　校舎１２", "ward": "都筑区", "address": "神奈川県横浜市都筑区勝田町266", "haz": {"flood": 1, "landslide": 1, "hightide": 0, "quake": 1, "tsunami": 0, "fire": 1, "inland": 0, "volcano": 0}}}, {"type": "Feature", "geometry": {"type": "Point", "coordinates": [139.595296, 35.543504]}, "properties": {"name": "横浜市立勝田小学校　校舎１１", "ward": "都筑区", "address": "神奈川県横浜市都筑区勝田町266", "haz": {"flood": 1, "landslide": 1, "hightide": 0, "quake": 1, "tsunami": 0, "fire": 1, "inland": 0, "volcano": 0}}}, {"type": "Feature", "geometry": {"type": "Point", "coordinates": [139.595575, 35.543268]}, "properties": {"name": "横浜市立勝田小学校　校舎８－１", "ward": "都筑区", "address": "神奈川県横浜市都筑区勝田町266", "haz": {"flood": 1, "landslide": 1, "hightide": 0, "quake": 1, "tsunami": 0, "fire": 1, "inland": 0, "volcano": 0}}}, {"type": "Feature", "geometry": {"type": "Point", "coordinates": [139.595199, 35.543207]}, "properties": {"name": "横浜市立勝田小学校　校舎６－１", "ward": "都筑区", "address": "神奈川県横浜市都筑区勝田町266", "haz": {"flood": 1, "landslide": 1, "hightide": 0, "quake": 1, "tsunami": 0, "fire": 1, "inland": 0, "volcano": 0}}}, {"type": "Feature", "geometry": {"type": "Point", "coordinates": [139.595419, 35.543098]}, "properties": {"name": "横浜市立勝田小学校　校舎１", "ward": "都筑区", "address": "神奈川県横浜市都筑区勝田町266", "haz": {"flood": 1, "landslide": 1, "hightide": 0, "quake": 1, "tsunami": 0, "fire": 1, "inland": 0, "volcano": 0}}}, {"type": "Feature", "geometry": {"type": "Point", "coordinates": [139.594782, 35.52835]}, "properties": {"name": "横浜市立折本小学校　校舎１", "ward": "都筑区", "address": "神奈川県横浜市都筑区折本町1321", "haz": {"flood": 1, "landslide": 1, "hightide": 0, "quake": 1, "tsunami": 0, "fire": 0, "inland": 0, "volcano": 0}}}, {"type": "Feature", "geometry": {"type": "Point", "coordinates": [139.595002, 35.528359]}, "properties": {"name": "横浜市立折本小学校　体育館１－２", "ward": "都筑区", "address": "神奈川県横浜市都筑区折本町1321", "haz": {"flood": 1, "landslide": 1, "hightide": 0, "quake": 1, "tsunami": 0, "fire": 0, "inland": 0, "volcano": 0}}}, {"type": "Feature", "geometry": {"type": "Point", "coordinates": [139.594064, 35.528333]}, "properties": {"name": "横浜市立折本小学校　校舎１３", "ward": "都筑区", "address": "神奈川県横浜市都筑区折本町1321", "haz": {"flood": 1, "landslide": 1, "hightide": 0, "quake": 1, "tsunami": 0, "fire": 0, "inland": 0, "volcano": 0}}}, {"type": "Feature", "geometry": {"type": "Point", "coordinates": [139.594332, 35.52832]}, "properties": {"name": "横浜市立折本小学校　校舎３", "ward": "都筑区", "address": "神奈川県横浜市都筑区折本町1321", "haz": {"flood": 1, "landslide": 1, "hightide": 0, "quake": 1, "tsunami": 0, "fire": 0, "inland": 0, "volcano": 0}}}, {"type": "Feature", "geometry": {"type": "Point", "coordinates": [139.547403, 35.529936]}, "properties": {"name": "横浜市立川和小学校　校舎４", "ward": "都筑区", "address": "神奈川県横浜市都筑区川和町1463", "haz": {"flood": 1, "landslide": 1, "hightide": 0, "quake": 1, "tsunami": 0, "fire": 0, "inland": 0, "volcano": 0}}}, {"type": "Feature", "geometry": {"type": "Point", "coordinates": [139.547864, 35.529543]}, "properties": {"name": "横浜市立川和小学校　体育館２２", "ward": "都筑区", "address": "神奈川県横浜市都筑区川和町1463", "haz": {"flood": 1, "landslide": 1, "hightide": 0, "quake": 1, "tsunami": 0, "fire": 0, "inland": 0, "volcano": 0}}}, {"type": "Feature", "geometry": {"type": "Point", "coordinates": [139.547, 35.529653]}, "properties": {"name": "横浜市立川和小学校　校舎８", "ward": "都筑区", "address": "神奈川県横浜市都筑区川和町1463", "haz": {"flood": 1, "landslide": 1, "hightide": 0, "quake": 1, "tsunami": 0, "fire": 0, "inland": 0, "volcano": 0}}}, {"type": "Feature", "geometry": {"type": "Point", "coordinates": [139.593107, 35.551208]}, "properties": {"name": "横浜市立中川中学校　校舎１５－１", "ward": "都筑区", "address": "神奈川県横浜市都筑区大棚町240", "haz": {"flood": 1, "landslide": 1, "hightide": 0, "quake": 1, "tsunami": 0, "fire": 0, "inland": 0, "volcano": 0}}}, {"type": "Feature", "geometry": {"type": "Point", "coordinates": [139.593327, 35.551059]}, "properties": {"name": "横浜市立中川中学校　校舎１", "ward": "都筑区", "address": "神奈川県横浜市都筑区大棚町240", "haz": {"flood": 1, "landslide": 1, "hightide": 0, "quake": 1, "tsunami": 0, "fire": 0, "inland": 0, "volcano": 0}}}, {"type": "Feature", "geometry": {"type": "Point", "coordinates": [139.593091, 35.550846]}, "properties": {"name": "横浜市立中川中学校　体育館２７", "ward": "都筑区", "address": "神奈川県横浜市都筑区大棚町240", "haz": {"flood": 1, "landslide": 1, "hightide": 0, "quake": 1, "tsunami": 0, "fire": 0, "inland": 0, "volcano": 0}}}, {"type": "Feature", "geometry": {"type": "Point", "coordinates": [139.593107, 35.551544]}, "properties": {"name": "横浜市立中川中学校　校舎８", "ward": "都筑区", "address": "神奈川県横浜市都筑区大棚町240", "haz": {"flood": 1, "landslide": 1, "hightide": 0, "quake": 1, "tsunami": 0, "fire": 0, "inland": 0, "volcano": 0}}}, {"type": "Feature", "geometry": {"type": "Point", "coordinates": [139.592849, 35.550998]}, "properties": {"name": "横浜市立中川中学校　校舎１５－２", "ward": "都筑区", "address": "神奈川県横浜市都筑区大棚町240", "haz": {"flood": 1, "landslide": 1, "hightide": 0, "quake": 1, "tsunami": 0, "fire": 0, "inland": 0, "volcano": 0}}}, {"type": "Feature", "geometry": {"type": "Point", "coordinates": [139.563783, 35.521719]}, "properties": {"name": "横浜市立都田西小学校　体育館２", "ward": "都筑区", "address": "神奈川県横浜市都筑区池辺町2452-1", "haz": {"flood": 1, "landslide": 1, "hightide": 0, "quake": 1, "tsunami": 0, "fire": 0, "inland": 0, "volcano": 0}}}, {"type": "Feature", "geometry": {"type": "Point", "coordinates": [139.563311, 35.520968]}, "properties": {"name": "横浜市立都田西小学校　校舎５－１", "ward": "都筑区", "address": "神奈川県横浜市都筑区池辺町2452-1", "haz": {"flood": 1, "landslide": 1, "hightide": 0, "quake": 1, "tsunami": 0, "fire": 0, "inland": 0, "volcano": 0}}}, {"type": "Feature", "geometry": {"type": "Point", "coordinates": [139.563515, 35.52137]}, "properties": {"name": "横浜市立都田西小学校　校舎１", "ward": "都筑区", "address": "神奈川県横浜市都筑区池辺町2452-1", "haz": {"flood": 1, "landslide": 1, "hightide": 0, "quake": 1, "tsunami": 0, "fire": 0, "inland": 0, "volcano": 0}}}, {"type": "Feature", "geometry": {"type": "Point", "coordinates": [139.569695, 35.522963]}, "properties": {"name": "横浜市立都田中学校　校舎１１", "ward": "都筑区", "address": "神奈川県横浜市都筑区池辺町2818", "haz": {"flood": 1, "landslide": 0, "hightide": 0, "quake": 1, "tsunami": 0, "fire": 0, "inland": 0, "volcano": 0}}}, {"type": "Feature", "geometry": {"type": "Point", "coordinates": [139.571605, 35.523025]}, "properties": {"name": "横浜市立都田中学校　体育館２３－１", "ward": "都筑区", "address": "神奈川県横浜市都筑区池辺町2818", "haz": {"flood": 1, "landslide": 1, "hightide": 0, "quake": 1, "tsunami": 0, "fire": 0, "inland": 0, "volcano": 0}}}, {"type": "Feature", "geometry": {"type": "Point", "coordinates": [139.570532, 35.523195]}, "properties": {"name": "横浜市立都田中学校　校舎１４－２", "ward": "都筑区", "address": "神奈川県横浜市都筑区池辺町2818", "haz": {"flood": 1, "landslide": 0, "hightide": 0, "quake": 1, "tsunami": 0, "fire": 0, "inland": 0, "volcano": 0}}}, {"type": "Feature", "geometry": {"type": "Point", "coordinates": [139.570124, 35.523099]}, "properties": {"name": "横浜市立都田中学校　校舎１４－１", "ward": "都筑区", "address": "神奈川県横浜市都筑区池辺町2818", "haz": {"flood": 1, "landslide": 1, "hightide": 0, "quake": 1, "tsunami": 0, "fire": 0, "inland": 0, "volcano": 0}}}, {"type": "Feature", "geometry": {"type": "Point", "coordinates": [139.571454, 35.522684]}, "properties": {"name": "横浜市立都田小学校　校舎８", "ward": "都筑区", "address": "神奈川県横浜市都筑区池辺町2831", "haz": {"flood": 1, "landslide": 1, "hightide": 0, "quake": 1, "tsunami": 0, "fire": 0, "inland": 0, "volcano": 0}}}, {"type": "Feature", "geometry": {"type": "Point", "coordinates": [139.571513, 35.522439]}, "properties": {"name": "横浜市立都田小学校　校舎４", "ward": "都筑区", "address": "神奈川県横浜市都筑区池辺町2831", "haz": {"flood": 1, "landslide": 1, "hightide": 0, "quake": 1, "tsunami": 0, "fire": 0, "inland": 0, "volcano": 0}}}, {"type": "Feature", "geometry": {"type": "Point", "coordinates": [139.57198, 35.521872]}, "properties": {"name": "横浜市立都田小学校　体育館１８－１（※洪水は計画規模）", "ward": "都筑区", "address": "神奈川県横浜市都筑区池辺町2831", "haz": {"flood": 1, "landslide": 1, "hightide": 0, "quake": 1, "tsunami": 0, "fire": 0, "inland": 0, "volcano": 0}}}, {"type": "Feature", "geometry": {"type": "Point", "coordinates": [139.571782, 35.521846]}, "properties": {"name": "横浜市立都田小学校　校舎１８－３（※洪水は計画規模）", "ward": "都筑区", "address": "神奈川県横浜市都筑区池辺町2831", "haz": {"flood": 1, "landslide": 1, "hightide": 0, "quake": 1, "tsunami": 0, "fire": 0, "inland": 0, "volcano": 0}}}, {"type": "Feature", "geometry": {"type": "Point", "coordinates": [139.569267, 35.560208]}, "properties": {"name": "横浜市立中川西小学校　体育館１－２", "ward": "都筑区", "address": "神奈川県横浜市都筑区中川1-3-1", "haz": {"flood": 1, "landslide": 1, "hightide": 0, "quake": 1, "tsunami": 0, "fire": 1, "inland": 0, "volcano": 0}}}, {"type": "Feature", "geometry": {"type": "Point", "coordinates": [139.569632, 35.560077]}, "properties": {"name": "横浜市立中川西小学校　校舎６", "ward": "都筑区", "address": "神奈川県横浜市都筑区中川1-3-1", "haz": {"flood": 1, "landslide": 1, "hightide": 0, "quake": 1, "tsunami": 0, "fire": 1, "inland": 0, "volcano": 0}}}, {"type": "Feature", "geometry": {"type": "Point", "coordinates": [139.569021, 35.559938]}, "properties": {"name": "横浜市立中川西小学校　校舎１", "ward": "都筑区", "address": "神奈川県横浜市都筑区中川1-3-1", "haz": {"flood": 1, "landslide": 1, "hightide": 0, "quake": 1, "tsunami": 0, "fire": 1, "inland": 0, "volcano": 0}}}, {"type": "Feature", "geometry": {"type": "Point", "coordinates": [139.565167, 35.561886]}, "properties": {"name": "横浜市立中川西中学校　校舎１", "ward": "都筑区", "address": "神奈川県横浜市都筑区中川2-1-1", "haz": {"flood": 1, "landslide": 1, "hightide": 0, "quake": 1, "tsunami": 0, "fire": 0, "inland": 0, "volcano": 0}}}, {"type": "Feature", "geometry": {"type": "Point", "coordinates": [139.565505, 35.562418]}, "properties": {"name": "横浜市立中川西中学校　体育館２", "ward": "都筑区", "address": "神奈川県横浜市都筑区中川2-1-1", "haz": {"flood": 1, "landslide": 1, "hightide": 0, "quake": 1, "tsunami": 0, "fire": 0, "inland": 0, "volcano": 0}}}, {"type": "Feature", "geometry": {"type": "Point", "coordinates": [139.565719, 35.562218]}, "properties": {"name": "横浜市立中川西中学校　校舎９－１", "ward": "都筑区", "address": "神奈川県横浜市都筑区中川2-1-1", "haz": {"flood": 1, "landslide": 1, "hightide": 0, "quake": 1, "tsunami": 0, "fire": 0, "inland": 0, "volcano": 0}}}, {"type": "Feature", "geometry": {"type": "Point", "coordinates": [139.575083, 35.556478]}, "properties": {"name": "横浜市立都筑小学校　校舎２－１", "ward": "都筑区", "address": "神奈川県横浜市都筑区中川6-2-1", "haz": {"flood": 1, "landslide": 1, "hightide": 0, "quake": 1, "tsunami": 0, "fire": 0, "inland": 0, "volcano": 0}}}, {"type": "Feature", "geometry": {"type": "Point", "coordinates": [139.575367, 35.556631]}, "properties": {"name": "横浜市立都筑小学校　体育館４", "ward": "都筑区", "address": "神奈川県横浜市都筑区中川6-2-1", "haz": {"flood": 1, "landslide": 1, "hightide": 0, "quake": 1, "tsunami": 0, "fire": 0, "inland": 0, "volcano": 0}}}, {"type": "Feature", "geometry": {"type": "Point", "coordinates": [139.575008, 35.556308]}, "properties": {"name": "横浜市立都筑小学校　校舎６", "ward": "都筑区", "address": "神奈川県横浜市都筑区中川6-2-1", "haz": {"flood": 1, "landslide": 1, "hightide": 0, "quake": 1, "tsunami": 0, "fire": 0, "inland": 0, "volcano": 0}}}, {"type": "Feature", "geometry": {"type": "Point", "coordinates": [139.574531, 35.556469]}, "properties": {"name": "横浜市立都筑小学校　校舎１", "ward": "都筑区", "address": "神奈川県横浜市都筑区中川6-2-1", "haz": {"flood": 1, "landslide": 1, "hightide": 0, "quake": 1, "tsunami": 0, "fire": 0, "inland": 0, "volcano": 0}}}, {"type": "Feature", "geometry": {"type": "Point", "coordinates": [139.570121, 35.53746]}, "properties": {"name": "横浜市立茅ケ崎台小学校　校舎２", "ward": "都筑区", "address": "神奈川県横浜市都筑区長坂13-1", "haz": {"flood": 1, "landslide": 1, "hightide": 0, "quake": 1, "tsunami": 0, "fire": 0, "inland": 0, "volcano": 0}}}, {"type": "Feature", "geometry": {"type": "Point", "coordinates": [139.569714, 35.5376]}, "properties": {"name": "横浜市立茅ケ崎台小学校　体育館３", "ward": "都筑区", "address": "神奈川県横浜市都筑区長坂13-1", "haz": {"flood": 1, "landslide": 1, "hightide": 0, "quake": 1, "tsunami": 0, "fire": 0, "inland": 0, "volcano": 0}}}, {"type": "Feature", "geometry": {"type": "Point", "coordinates": [139.569875, 35.537185]}, "properties": {"name": "横浜市立茅ケ崎台小学校　校舎１", "ward": "都筑区", "address": "神奈川県横浜市都筑区長坂13-1", "haz": {"flood": 1, "landslide": 1, "hightide": 0, "quake": 1, "tsunami": 0, "fire": 0, "inland": 0, "volcano": 0}}}, {"type": "Feature", "geometry": {"type": "Point", "coordinates": [139.596609, 35.564379]}, "properties": {"name": "横浜市立東山田小学校　校舎１－１", "ward": "都筑区", "address": "神奈川県横浜市都筑区東山田1-4-1", "haz": {"flood": 1, "landslide": 1, "hightide": 0, "quake": 1, "tsunami": 0, "fire": 0, "inland": 0, "volcano": 0}}}, {"type": "Feature", "geometry": {"type": "Point", "coordinates": [139.596368, 35.564785]}, "properties": {"name": "横浜市立東山田小学校　体育館３", "ward": "都筑区", "address": "神奈川県横浜市都筑区東山田1-4-1", "haz": {"flood": 1, "landslide": 1, "hightide": 0, "quake": 1, "tsunami": 0, "fire": 0, "inland": 0, "volcano": 0}}}, {"type": "Feature", "geometry": {"type": "Point", "coordinates": [139.596255, 35.564156]}, "properties": {"name": "横浜市立東山田小学校　校舎２", "ward": "都筑区", "address": "神奈川県横浜市都筑区東山田1-4-1", "haz": {"flood": 1, "landslide": 1, "hightide": 0, "quake": 1, "tsunami": 0, "fire": 0, "inland": 0, "volcano": 0}}}, {"type": "Feature", "geometry": {"type": "Point", "coordinates": [139.602515, 35.559937]}, "properties": {"name": "横浜市立山田小学校　体育館５－２", "ward": "都筑区", "address": "神奈川県横浜市都筑区東山田3-29-1", "haz": {"flood": 1, "landslide": 1, "hightide": 0, "quake": 1, "tsunami": 0, "fire": 0, "inland": 0, "volcano": 0}}}, {"type": "Feature", "geometry": {"type": "Point", "coordinates": [139.603072, 35.56005]}, "properties": {"name": "横浜市立山田小学校　校舎１", "ward": "都筑区", "address": "神奈川県横浜市都筑区東山田3-29-1", "haz": {"flood": 1, "landslide": 1, "hightide": 0, "quake": 1, "tsunami": 0, "fire": 0, "inland": 0, "volcano": 0}}}, {"type": "Feature", "geometry": {"type": "Point", "coordinates": [139.602418, 35.560042]}, "properties": {"name": "横浜市立山田小学校　校舎５－１", "ward": "都筑区", "address": "神奈川県横浜市都筑区東山田3-29-1", "haz": {"flood": 1, "landslide": 1, "hightide": 0, "quake": 1, "tsunami": 0, "fire": 0, "inland": 0, "volcano": 0}}}, {"type": "Feature", "geometry": {"type": "Point", "coordinates": [139.589092, 35.55754]}, "properties": {"name": "横浜市立南山田小学校　体育館２－２", "ward": "都筑区", "address": "神奈川県横浜市都筑区南山田2-27-1", "haz": {"flood": 1, "landslide": 1, "hightide": 0, "quake": 1, "tsunami": 0, "fire": 0, "inland": 0, "volcano": 0}}}, {"type": "Feature", "geometry": {"type": "Point", "coordinates": [139.589108, 35.557155]}, "properties": {"name": "横浜市立南山田小学校　校舎１", "ward": "都筑区", "address": "神奈川県横浜市都筑区南山田2-27-1", "haz": {"flood": 1, "landslide": 1, "hightide": 0, "quake": 1, "tsunami": 0, "fire": 0, "inland": 0, "volcano": 0}}}, {"type": "Feature", "geometry": {"type": "Point", "coordinates": [139.589521, 35.557548]}, "properties": {"name": "横浜市立南山田小学校　校舎４－１", "ward": "都筑区", "address": "神奈川県横浜市都筑区南山田2-27-1", "haz": {"flood": 1, "landslide": 1, "hightide": 0, "quake": 1, "tsunami": 0, "fire": 0, "inland": 0, "volcano": 0}}}, {"type": "Feature", "geometry": {"type": "Point", "coordinates": [139.589516, 35.557208]}, "properties": {"name": "横浜市立南山田小学校　校舎６", "ward": "都筑区", "address": "神奈川県横浜市都筑区南山田2-27-1", "haz": {"flood": 1, "landslide": 1, "hightide": 0, "quake": 1, "tsunami": 0, "fire": 0, "inland": 0, "volcano": 0}}}, {"type": "Feature", "geometry": {"type": "Point", "coordinates": [139.557178, 35.530939]}, "properties": {"name": "横浜市立川和中学校　校舎１", "ward": "都筑区", "address": "神奈川県横浜市都筑区富士見が丘21-1", "haz": {"flood": 1, "landslide": 1, "hightide": 0, "quake": 1, "tsunami": 0, "fire": 1, "inland": 0, "volcano": 0}}}, {"type": "Feature", "geometry": {"type": "Point", "coordinates": [139.557141, 35.530633]}, "properties": {"name": "横浜市立川和中学校　体育館３", "ward": "都筑区", "address": "神奈川県横浜市都筑区富士見が丘21-1", "haz": {"flood": 1, "landslide": 1, "hightide": 0, "quake": 1, "tsunami": 0, "fire": 1, "inland": 0, "volcano": 0}}}, {"type": "Feature", "geometry": {"type": "Point", "coordinates": [139.557752, 35.531109]}, "properties": {"name": "横浜市立川和中学校　校舎１７", "ward": "都筑区", "address": "神奈川県横浜市都筑区富士見が丘21-1", "haz": {"flood": 1, "landslide": 1, "hightide": 0, "quake": 1, "tsunami": 0, "fire": 1, "inland": 0, "volcano": 0}}}, {"type": "Feature", "geometry": {"type": "Point", "coordinates": [139.556652, 35.531044]}, "properties": {"name": "横浜市立川和中学校　校舎１５", "ward": "都筑区", "address": "神奈川県横浜市都筑区富士見が丘21-1", "haz": {"flood": 1, "landslide": 1, "hightide": 0, "quake": 1, "tsunami": 0, "fire": 1, "inland": 0, "volcano": 0}}}, {"type": "Feature", "geometry": {"type": "Point", "coordinates": [139.558457, 35.53184]}, "properties": {"name": "横浜市立川和東小学校　体育館５", "ward": "都筑区", "address": "神奈川県横浜市都筑区富士見が丘21-2", "haz": {"flood": 1, "landslide": 1, "hightide": 0, "quake": 1, "tsunami": 0, "fire": 1, "inland": 0, "volcano": 0}}}, {"type": "Feature", "geometry": {"type": "Point", "coordinates": [139.558339, 35.531451]}, "properties": {"name": "横浜市立川和東小学校　校舎１－１", "ward": "都筑区", "address": "神奈川県横浜市都筑区富士見が丘21-2", "haz": {"flood": 1, "landslide": 1, "hightide": 0, "quake": 1, "tsunami": 0, "fire": 1, "inland": 0, "volcano": 0}}}, {"type": "Feature", "geometry": {"type": "Point", "coordinates": [139.557636, 35.531626]}, "properties": {"name": "横浜市立川和東小学校　校舎３", "ward": "都筑区", "address": "神奈川県横浜市都筑区富士見が丘21-2", "haz": {"flood": 1, "landslide": 1, "hightide": 0, "quake": 1, "tsunami": 0, "fire": 1, "inland": 0, "volcano": 0}}}, {"type": "Feature", "geometry": {"type": "Point", "coordinates": [139.558011, 35.531215]}, "properties": {"name": "横浜市立川和東小学校　校舎６", "ward": "都筑区", "address": "神奈川県横浜市都筑区富士見が丘21-2", "haz": {"flood": 1, "landslide": 1, "hightide": 0, "quake": 1, "tsunami": 0, "fire": 1, "inland": 0, "volcano": 0}}}, {"type": "Feature", "geometry": {"type": "Point", "coordinates": [139.558065, 35.531608]}, "properties": {"name": "横浜市立川和東小学校　校舎８", "ward": "都筑区", "address": "神奈川県横浜市都筑区富士見が丘21-2", "haz": {"flood": 1, "landslide": 1, "hightide": 0, "quake": 1, "tsunami": 0, "fire": 1, "inland": 0, "volcano": 0}}}, {"type": "Feature", "geometry": {"type": "Point", "coordinates": [139.585861, 35.5648]}, "properties": {"name": "横浜市立北山田小学校　校舎１－１", "ward": "都筑区", "address": "神奈川県横浜市都筑区北山田5-14-1", "haz": {"flood": 1, "landslide": 1, "hightide": 0, "quake": 1, "tsunami": 0, "fire": 0, "inland": 0, "volcano": 0}}}, {"type": "Feature", "geometry": {"type": "Point", "coordinates": [139.585427, 35.5648]}, "properties": {"name": "横浜市立北山田小学校　校舎６", "ward": "都筑区", "address": "神奈川県横浜市都筑区北山田5-14-1", "haz": {"flood": 1, "landslide": 1, "hightide": 0, "quake": 1, "tsunami": 0, "fire": 0, "inland": 0, "volcano": 0}}}, {"type": "Feature", "geometry": {"type": "Point", "coordinates": [139.585958, 35.565119]}, "properties": {"name": "横浜市立北山田小学校　体育館２－１", "ward": "都筑区", "address": "神奈川県横浜市都筑区北山田5-14-1", "haz": {"flood": 1, "landslide": 1, "hightide": 0, "quake": 1, "tsunami": 0, "fire": 0, "inland": 0, "volcano": 0}}}, {"type": "Feature", "geometry": {"type": "Point", "coordinates": [139.502053, 35.526075]}, "properties": {"name": "横浜市立いぶき野小学校　校舎１－１", "ward": "緑区", "address": "神奈川県横浜市緑区いぶき野14-1", "haz": {"flood": 1, "landslide": 1, "hightide": 0, "quake": 1, "tsunami": 0, "fire": 0, "inland": 0, "volcano": 0}}}, {"type": "Feature", "geometry": {"type": "Point", "coordinates": [139.502563, 35.525834]}, "properties": {"name": "横浜市立いぶき野小学校　校舎１０", "ward": "緑区", "address": "神奈川県横浜市緑区いぶき野14-1", "haz": {"flood": 1, "landslide": 1, "hightide": 0, "quake": 1, "tsunami": 0, "fire": 0, "inland": 0, "volcano": 0}}}, {"type": "Feature", "geometry": {"type": "Point", "coordinates": [139.501758, 35.526075]}, "properties": {"name": "横浜市立いぶき野小学校　体育館９", "ward": "緑区", "address": "神奈川県横浜市緑区いぶき野14-1", "haz": {"flood": 1, "landslide": 1, "hightide": 0, "quake": 1, "tsunami": 0, "fire": 0, "inland": 0, "volcano": 0}}}, {"type": "Feature", "geometry": {"type": "Point", "coordinates": [139.501763, 35.525821]}, "properties": {"name": "横浜市立いぶき野小学校　校舎５", "ward": "緑区", "address": "神奈川県横浜市緑区いぶき野14-1", "haz": {"flood": 1, "landslide": 1, "hightide": 0, "quake": 1, "tsunami": 0, "fire": 0, "inland": 0, "volcano": 0}}}, {"type": "Feature", "geometry": {"type": "Point", "coordinates": [139.502096, 35.525734]}, "properties": {"name": "横浜市立いぶき野小学校　校舎４", "ward": "緑区", "address": "神奈川県横浜市緑区いぶき野14-1", "haz": {"flood": 1, "landslide": 1, "hightide": 0, "quake": 1, "tsunami": 0, "fire": 0, "inland": 0, "volcano": 0}}}, {"type": "Feature", "geometry": {"type": "Point", "coordinates": [139.571493, 35.504278]}, "properties": {"name": "横浜市立東鴨居中学校　校舎１", "ward": "緑区", "address": "神奈川県横浜市緑区鴨居3-39-1", "haz": {"flood": 1, "landslide": 1, "hightide": 0, "quake": 1, "tsunami": 0, "fire": 0, "inland": 0, "volcano": 0}}}, {"type": "Feature", "geometry": {"type": "Point", "coordinates": [139.570914, 35.504693]}, "properties": {"name": "横浜市立東鴨居中学校　体育館３", "ward": "緑区", "address": "神奈川県横浜市緑区鴨居3-39-1", "haz": {"flood": 1, "landslide": 1, "hightide": 0, "quake": 1, "tsunami": 0, "fire": 0, "inland": 0, "volcano": 0}}}, {"type": "Feature", "geometry": {"type": "Point", "coordinates": [139.566665, 35.508382]}, "properties": {"name": "横浜市立鴨居小学校　体育館１５", "ward": "緑区", "address": "神奈川県横浜市緑区鴨居4-7-15", "haz": {"flood": 1, "landslide": 0, "hightide": 0, "quake": 1, "tsunami": 0, "fire": 0, "inland": 0, "volcano": 0}}}, {"type": "Feature", "geometry": {"type": "Point", "coordinates": [139.566193, 35.508946]}, "properties": {"name": "横浜市立鴨居小学校　校舎５", "ward": "緑区", "address": "神奈川県横浜市緑区鴨居4-7-15", "haz": {"flood": 1, "landslide": 1, "hightide": 0, "quake": 1, "tsunami": 0, "fire": 0, "inland": 0, "volcano": 0}}}, {"type": "Feature", "geometry": {"type": "Point", "coordinates": [139.566788, 35.508897]}, "properties": {"name": "横浜市立鴨居小学校　校舎１", "ward": "緑区", "address": "神奈川県横浜市緑区鴨居4-7-15", "haz": {"flood": 1, "landslide": 1, "hightide": 0, "quake": 1, "tsunami": 0, "fire": 0, "inland": 0, "volcano": 0}}}, {"type": "Feature", "geometry": {"type": "Point", "coordinates": [139.561652, 35.507577]}, "properties": {"name": "横浜市立鴨居中学校　校舎１１－１", "ward": "緑区", "address": "神奈川県横浜市緑区鴨居5-12-35", "haz": {"flood": 1, "landslide": 1, "hightide": 0, "quake": 1, "tsunami": 0, "fire": 0, "inland": 0, "volcano": 0}}}, {"type": "Feature", "geometry": {"type": "Point", "coordinates": [139.56141, 35.507988]}, "properties": {"name": "横浜市立鴨居中学校　体育館８", "ward": "緑区", "address": "神奈川県横浜市緑区鴨居5-12-35", "haz": {"flood": 1, "landslide": 1, "hightide": 0, "quake": 1, "tsunami": 0, "fire": 0, "inland": 0, "volcano": 0}}}, {"type": "Feature", "geometry": {"type": "Point", "coordinates": [139.56178, 35.507486]}, "properties": {"name": "横浜市立鴨居中学校　校舎１２", "ward": "緑区", "address": "神奈川県横浜市緑区鴨居5-12-35", "haz": {"flood": 1, "landslide": 1, "hightide": 0, "quake": 1, "tsunami": 0, "fire": 0, "inland": 0, "volcano": 0}}}, {"type": "Feature", "geometry": {"type": "Point", "coordinates": [139.561453, 35.50766]}, "properties": {"name": "横浜市立鴨居中学校　校舎１－１", "ward": "緑区", "address": "神奈川県横浜市緑区鴨居5-12-35", "haz": {"flood": 1, "landslide": 1, "hightide": 0, "quake": 1, "tsunami": 0, "fire": 0, "inland": 0, "volcano": 0}}}, {"type": "Feature", "geometry": {"type": "Point", "coordinates": [139.560916, 35.505039]}, "properties": {"name": "横浜市立緑小学校　校舎１", "ward": "緑区", "address": "神奈川県横浜市緑区鴨居5-19-1", "haz": {"flood": 1, "landslide": 1, "hightide": 0, "quake": 1, "tsunami": 0, "fire": 0, "inland": 0, "volcano": 0}}}, {"type": "Feature", "geometry": {"type": "Point", "coordinates": [139.56009, 35.505105]}, "properties": {"name": "横浜市立緑小学校　体育館６", "ward": "緑区", "address": "神奈川県横浜市緑区鴨居5-19-1", "haz": {"flood": 1, "landslide": 1, "hightide": 0, "quake": 1, "tsunami": 0, "fire": 0, "inland": 0, "volcano": 0}}}, {"type": "Feature", "geometry": {"type": "Point", "coordinates": [139.560809, 35.505555]}, "properties": {"name": "横浜市立緑小学校　校舎１０", "ward": "緑区", "address": "神奈川県横浜市緑区鴨居5-19-1", "haz": {"flood": 1, "landslide": 1, "hightide": 0, "quake": 1, "tsunami": 0, "fire": 0, "inland": 0, "volcano": 0}}}, {"type": "Feature", "geometry": {"type": "Point", "coordinates": [139.52676, 35.515993]}, "properties": {"name": "横浜市立三保小学校　校舎１", "ward": "緑区", "address": "神奈川県横浜市緑区三保町1867", "haz": {"flood": 1, "landslide": 1, "hightide": 0, "quake": 1, "tsunami": 0, "fire": 0, "inland": 0, "volcano": 0}}}, {"type": "Feature", "geometry": {"type": "Point", "coordinates": [139.526143, 35.515482]}, "properties": {"name": "横浜市立三保小学校　体育館６－２", "ward": "緑区", "address": "神奈川県横浜市緑区三保町1867", "haz": {"flood": 1, "landslide": 1, "hightide": 0, "quake": 1, "tsunami": 0, "fire": 0, "inland": 0, "volcano": 0}}}, {"type": "Feature", "geometry": {"type": "Point", "coordinates": [139.526208, 35.515299]}, "properties": {"name": "横浜市立三保小学校　校舎２１", "ward": "緑区", "address": "神奈川県横浜市緑区三保町1867", "haz": {"flood": 1, "landslide": 1, "hightide": 0, "quake": 1, "tsunami": 0, "fire": 0, "inland": 0, "volcano": 0}}}, {"type": "Feature", "geometry": {"type": "Point", "coordinates": [139.526138, 35.515762]}, "properties": {"name": "横浜市立三保小学校　校舎１８－１", "ward": "緑区", "address": "神奈川県横浜市緑区三保町1867", "haz": {"flood": 1, "landslide": 1, "hightide": 0, "quake": 1, "tsunami": 0, "fire": 0, "inland": 0, "volcano": 0}}}, {"type": "Feature", "geometry": {"type": "Point", "coordinates": [139.526138, 35.515622]}, "properties": {"name": "横浜市立三保小学校　校舎６－１", "ward": "緑区", "address": "神奈川県横浜市緑区三保町1867", "haz": {"flood": 1, "landslide": 1, "hightide": 0, "quake": 1, "tsunami": 0, "fire": 0, "inland": 0, "volcano": 0}}}, {"type": "Feature", "geometry": {"type": "Point", "coordinates": [139.526235, 35.515958]}, "properties": {"name": "横浜市立三保小学校　校舎５－１", "ward": "緑区", "address": "神奈川県横浜市緑区三保町1867", "haz": {"flood": 1, "landslide": 1, "hightide": 0, "quake": 1, "tsunami": 0, "fire": 0, "inland": 0, "volcano": 0}}}, {"type": "Feature", "geometry": {"type": "Point", "coordinates": [139.539974, 35.50388]}, "properties": {"name": "横浜市立中山中学校　校舎１９－１", "ward": "緑区", "address": "神奈川県横浜市緑区寺山町653-21", "haz": {"flood": 1, "landslide": 1, "hightide": 0, "quake": 1, "tsunami": 0, "fire": 0, "inland": 0, "volcano": 0}}}, {"type": "Feature", "geometry": {"type": "Point", "coordinates": [139.539496, 35.503661]}, "properties": {"name": "横浜市立中山中学校　体育館２０－１", "ward": "緑区", "address": "神奈川県横浜市緑区寺山町653-21", "haz": {"flood": 1, "landslide": 1, "hightide": 0, "quake": 1, "tsunami": 0, "fire": 0, "inland": 0, "volcano": 0}}}, {"type": "Feature", "geometry": {"type": "Point", "coordinates": [139.53992, 35.504351]}, "properties": {"name": "横浜市立中山中学校　校舎２１－３", "ward": "緑区", "address": "神奈川県横浜市緑区寺山町653-21", "haz": {"flood": 1, "landslide": 0, "hightide": 0, "quake": 1, "tsunami": 0, "fire": 0, "inland": 0, "volcano": 0}}}, {"type": "Feature", "geometry": {"type": "Point", "coordinates": [139.539486, 35.503893]}, "properties": {"name": "横浜市立中山中学校　校舎２０－３", "ward": "緑区", "address": "神奈川県横浜市緑区寺山町653-21", "haz": {"flood": 1, "landslide": 1, "hightide": 0, "quake": 1, "tsunami": 0, "fire": 0, "inland": 0, "volcano": 0}}}, {"type": "Feature", "geometry": {"type": "Point", "coordinates": [139.539759, 35.503452]}, "properties": {"name": "横浜市立中山中学校　校舎１８", "ward": "緑区", "address": "神奈川県横浜市緑区寺山町653-21", "haz": {"flood": 1, "landslide": 1, "hightide": 0, "quake": 1, "tsunami": 0, "fire": 0, "inland": 0, "volcano": 0}}}, {"type": "Feature", "geometry": {"type": "Point", "coordinates": [139.514983, 35.520771]}, "properties": {"name": "横浜市立十日市場小学校　体育館３１－１", "ward": "緑区", "address": "神奈川県横浜市緑区十日市場町1392-1", "haz": {"flood": 1, "landslide": 1, "hightide": 0, "quake": 1, "tsunami": 0, "fire": 0, "inland": 0, "volcano": 0}}}, {"type": "Feature", "geometry": {"type": "Point", "coordinates": [139.514333, 35.520566]}, "properties": {"name": "横浜市立十日市場小学校　校舎２１－１", "ward": "緑区", "address": "神奈川県横浜市緑区十日市場町1392-1", "haz": {"flood": 1, "landslide": 1, "hightide": 0, "quake": 1, "tsunami": 0, "fire": 0, "inland": 0, "volcano": 0}}}, {"type": "Feature", "geometry": {"type": "Point", "coordinates": [139.512145, 35.522177]}, "properties": {"name": "横浜市立十日市場中学校　校舎２５", "ward": "緑区", "address": "神奈川県横浜市緑区十日市場町1501-42", "haz": {"flood": 1, "landslide": 1, "hightide": 0, "quake": 1, "tsunami": 0, "fire": 0, "inland": 0, "volcano": 0}}}, {"type": "Feature", "geometry": {"type": "Point", "coordinates": [139.511887, 35.52257]}, "properties": {"name": "横浜市立十日市場中学校　体育館２３－３", "ward": "緑区", "address": "神奈川県横浜市緑区十日市場町1501-42", "haz": {"flood": 1, "landslide": 1, "hightide": 0, "quake": 1, "tsunami": 0, "fire": 0, "inland": 0, "volcano": 0}}}, {"type": "Feature", "geometry": {"type": "Point", "coordinates": [139.51274, 35.522443]}, "properties": {"name": "横浜市立十日市場中学校　校舎２４", "ward": "緑区", "address": "神奈川県横浜市緑区十日市場町1501-42", "haz": {"flood": 1, "landslide": 1, "hightide": 0, "quake": 1, "tsunami": 0, "fire": 0, "inland": 0, "volcano": 0}}}, {"type": "Feature", "geometry": {"type": "Point", "coordinates": [139.547229, 35.506733]}, "properties": {"name": "横浜市立上山小学校　校舎１２", "ward": "緑区", "address": "神奈川県横浜市緑区上山2-5-1", "haz": {"flood": 1, "landslide": 1, "hightide": 0, "quake": 1, "tsunami": 0, "fire": 0, "inland": 0, "volcano": 0}}}, {"type": "Feature", "geometry": {"type": "Point", "coordinates": [139.546907, 35.506174]}, "properties": {"name": "横浜市立上山小学校　体育館２－１", "ward": "緑区", "address": "神奈川県横浜市緑区上山2-5-1", "haz": {"flood": 1, "landslide": 1, "hightide": 0, "quake": 1, "tsunami": 0, "fire": 0, "inland": 0, "volcano": 0}}}, {"type": "Feature", "geometry": {"type": "Point", "coordinates": [139.546945, 35.506558]}, "properties": {"name": "横浜市立上山小学校　校舎１", "ward": "緑区", "address": "神奈川県横浜市緑区上山2-5-1", "haz": {"flood": 1, "landslide": 1, "hightide": 0, "quake": 1, "tsunami": 0, "fire": 0, "inland": 0, "volcano": 0}}}, {"type": "Feature", "geometry": {"type": "Point", "coordinates": [139.519702, 35.517998]}, "properties": {"name": "横浜市立新治小学校　校舎２２", "ward": "緑区", "address": "神奈川県横浜市緑区新治町768", "haz": {"flood": 1, "landslide": 1, "hightide": 0, "quake": 1, "tsunami": 0, "fire": 0, "inland": 0, "volcano": 0}}}, {"type": "Feature", "geometry": {"type": "Point", "coordinates": [139.519574, 35.517431]}, "properties": {"name": "横浜市立新治小学校　体育館１５－３", "ward": "緑区", "address": "神奈川県横浜市緑区新治町768", "haz": {"flood": 1, "landslide": 1, "hightide": 0, "quake": 1, "tsunami": 0, "fire": 0, "inland": 0, "volcano": 0}}}, {"type": "Feature", "geometry": {"type": "Point", "coordinates": [139.520625, 35.51809]}, "properties": {"name": "横浜市立新治小学校　校舎２３", "ward": "緑区", "address": "神奈川県横浜市緑区新治町768", "haz": {"flood": 1, "landslide": 0, "hightide": 0, "quake": 1, "tsunami": 0, "fire": 0, "inland": 0, "volcano": 0}}}, {"type": "Feature", "geometry": {"type": "Point", "coordinates": [139.519928, 35.51757]}, "properties": {"name": "横浜市立新治小学校　校舎１５", "ward": "緑区", "address": "神奈川県横浜市緑区新治町768", "haz": {"flood": 1, "landslide": 0, "hightide": 0, "quake": 1, "tsunami": 0, "fire": 0, "inland": 0, "volcano": 0}}}, {"type": "Feature", "geometry": {"type": "Point", "coordinates": [139.535817, 35.508776]}, "properties": {"name": "横浜市立森の台小学校　校舎２６", "ward": "緑区", "address": "神奈川県横浜市緑区森の台13-1", "haz": {"flood": 1, "landslide": 1, "hightide": 0, "quake": 1, "tsunami": 0, "fire": 0, "inland": 0, "volcano": 0}}}, {"type": "Feature", "geometry": {"type": "Point", "coordinates": [139.535994, 35.508981]}, "properties": {"name": "横浜市立森の台小学校　体育館２８", "ward": "緑区", "address": "神奈川県横浜市緑区森の台13-1", "haz": {"flood": 1, "landslide": 1, "hightide": 0, "quake": 1, "tsunami": 0, "fire": 0, "inland": 0, "volcano": 0}}}, {"type": "Feature", "geometry": {"type": "Point", "coordinates": [139.53535, 35.508535]}, "properties": {"name": "横浜市立森の台小学校　校舎２５", "ward": "緑区", "address": "神奈川県横浜市緑区森の台13-1", "haz": {"flood": 1, "landslide": 1, "hightide": 0, "quake": 1, "tsunami": 0, "fire": 0, "inland": 0, "volcano": 0}}}, {"type": "Feature", "geometry": {"type": "Point", "coordinates": [139.561238, 35.49602]}, "properties": {"name": "横浜市立竹山小学校　校舎６", "ward": "緑区", "address": "神奈川県横浜市緑区竹山3-1-16", "haz": {"flood": 1, "landslide": 1, "hightide": 0, "quake": 1, "tsunami": 0, "fire": 1, "inland": 0, "volcano": 0}}}, {"type": "Feature", "geometry": {"type": "Point", "coordinates": [139.56075, 35.495601]}, "properties": {"name": "横浜市立竹山小学校　体育館４－２", "ward": "緑区", "address": "神奈川県横浜市緑区竹山3-1-16", "haz": {"flood": 1, "landslide": 1, "hightide": 0, "quake": 1, "tsunami": 0, "fire": 1, "inland": 0, "volcano": 0}}}, {"type": "Feature", "geometry": {"type": "Point", "coordinates": [139.56076, 35.496147]}, "properties": {"name": "横浜市立竹山小学校　校舎１", "ward": "緑区", "address": "神奈川県横浜市緑区竹山3-1-16", "haz": {"flood": 1, "landslide": 0, "hightide": 0, "quake": 1, "tsunami": 0, "fire": 1, "inland": 0, "volcano": 0}}}, {"type": "Feature", "geometry": {"type": "Point", "coordinates": [139.548523, 35.510685]}, "properties": {"name": "横浜市立中山小学校　校舎４", "ward": "緑区", "address": "神奈川県横浜市緑区中山町925", "haz": {"flood": 1, "landslide": 1, "hightide": 0, "quake": 1, "tsunami": 0, "fire": 0, "inland": 0, "volcano": 0}}}, {"type": "Feature", "geometry": {"type": "Point", "coordinates": [139.548383, 35.511026]}, "properties": {"name": "横浜市立中山小学校　校舎７", "ward": "緑区", "address": "神奈川県横浜市緑区中山町925", "haz": {"flood": 1, "landslide": 1, "hightide": 0, "quake": 1, "tsunami": 0, "fire": 0, "inland": 0, "volcano": 0}}}, {"type": "Feature", "geometry": {"type": "Point", "coordinates": [139.548024, 35.510764]}, "properties": {"name": "横浜市立中山小学校　体育館２", "ward": "緑区", "address": "神奈川県横浜市緑区中山町925", "haz": {"flood": 1, "landslide": 1, "hightide": 0, "quake": 1, "tsunami": 0, "fire": 0, "inland": 0, "volcano": 0}}}, {"type": "Feature", "geometry": {"type": "Point", "coordinates": [139.49751, 35.534633]}, "properties": {"name": "横浜市立田奈中学校　校舎５", "ward": "緑区", "address": "神奈川県横浜市緑区長津田2-24-1", "haz": {"flood": 1, "landslide": 1, "hightide": 0, "quake": 1, "tsunami": 0, "fire": 0, "inland": 0, "volcano": 0}}}, {"type": "Feature", "geometry": {"type": "Point", "coordinates": [139.497956, 35.534737]}, "properties": {"name": "横浜市立田奈中学校　校舎１０", "ward": "緑区", "address": "神奈川県横浜市緑区長津田2-24-1", "haz": {"flood": 1, "landslide": 1, "hightide": 0, "quake": 1, "tsunami": 0, "fire": 0, "inland": 0, "volcano": 0}}}, {"type": "Feature", "geometry": {"type": "Point", "coordinates": [139.499152, 35.534275]}, "properties": {"name": "横浜市立田奈中学校　校舎１３", "ward": "緑区", "address": "神奈川県横浜市緑区長津田2-24-1", "haz": {"flood": 1, "landslide": 1, "hightide": 0, "quake": 1, "tsunami": 0, "fire": 0, "inland": 0, "volcano": 0}}}, {"type": "Feature", "geometry": {"type": "Point", "coordinates": [139.499238, 35.534069]}, "properties": {"name": "横浜市立田奈中学校　体育館２３", "ward": "緑区", "address": "神奈川県横浜市緑区長津田2-24-1", "haz": {"flood": 1, "landslide": 1, "hightide": 0, "quake": 1, "tsunami": 0, "fire": 0, "inland": 0, "volcano": 0}}}, {"type": "Feature", "geometry": {"type": "Point", "coordinates": [139.498455, 35.534519]}, "properties": {"name": "横浜市立田奈中学校　校舎１２", "ward": "緑区", "address": "神奈川県横浜市緑区長津田2-24-1", "haz": {"flood": 1, "landslide": 1, "hightide": 0, "quake": 1, "tsunami": 0, "fire": 0, "inland": 0, "volcano": 0}}}, {"type": "Feature", "geometry": {"type": "Point", "coordinates": [139.491161, 35.530172]}, "properties": {"name": "横浜市立長津田小学校　校舎１４", "ward": "緑区", "address": "神奈川県横浜市緑区長津田町2330", "haz": {"flood": 1, "landslide": 1, "hightide": 0, "quake": 1, "tsunami": 0, "fire": 1, "inland": 0, "volcano": 0}}}, {"type": "Feature", "geometry": {"type": "Point", "coordinates": [139.490882, 35.529688]}, "properties": {"name": "横浜市立長津田小学校　校舎２０", "ward": "緑区", "address": "神奈川県横浜市緑区長津田町2330", "haz": {"flood": 1, "landslide": 1, "hightide": 0, "quake": 1, "tsunami": 0, "fire": 1, "inland": 0, "volcano": 0}}}, {"type": "Feature", "geometry": {"type": "Point", "coordinates": [139.490657, 35.529958]}, "properties": {"name": "横浜市立長津田小学校　体育館６", "ward": "緑区", "address": "神奈川県横浜市緑区長津田町2330", "haz": {"flood": 1, "landslide": 1, "hightide": 0, "quake": 1, "tsunami": 0, "fire": 1, "inland": 0, "volcano": 0}}}, {"type": "Feature", "geometry": {"type": "Point", "coordinates": [139.490785, 35.530299]}, "properties": {"name": "横浜市立長津田小学校　校舎３", "ward": "緑区", "address": "神奈川県横浜市緑区長津田町2330", "haz": {"flood": 1, "landslide": 1, "hightide": 0, "quake": 1, "tsunami": 0, "fire": 1, "inland": 0, "volcano": 0}}}, {"type": "Feature", "geometry": {"type": "Point", "coordinates": [139.488677, 35.534935]}, "properties": {"name": "横浜市立長津田第二小学校　体育館３", "ward": "緑区", "address": "神奈川県横浜市緑区長津田町2469-3", "haz": {"flood": 1, "landslide": 1, "hightide": 0, "quake": 1, "tsunami": 0, "fire": 0, "inland": 0, "volcano": 0}}}, {"type": "Feature", "geometry": {"type": "Point", "coordinates": [139.488328, 35.535005]}, "properties": {"name": "横浜市立長津田第二小学校　校舎１", "ward": "緑区", "address": "神奈川県横浜市緑区長津田町2469-3", "haz": {"flood": 1, "landslide": 1, "hightide": 0, "quake": 1, "tsunami": 0, "fire": 0, "inland": 0, "volcano": 0}}}, {"type": "Feature", "geometry": {"type": "Point", "coordinates": [139.488377, 35.534691]}, "properties": {"name": "横浜市立長津田第二小学校　校舎２", "ward": "緑区", "address": "神奈川県横浜市緑区長津田町2469-3", "haz": {"flood": 1, "landslide": 0, "hightide": 0, "quake": 1, "tsunami": 0, "fire": 0, "inland": 0, "volcano": 0}}}, {"type": "Feature", "geometry": {"type": "Point", "coordinates": [139.48827, 35.534852]}, "properties": {"name": "横浜市立長津田第二小学校　校舎４", "ward": "緑区", "address": "神奈川県横浜市緑区長津田町2469-3", "haz": {"flood": 1, "landslide": 1, "hightide": 0, "quake": 1, "tsunami": 0, "fire": 0, "inland": 0, "volcano": 0}}}, {"type": "Feature", "geometry": {"type": "Point", "coordinates": [139.582135, 35.504979]}, "properties": {"name": "横浜市立東本郷小学校　校舎１", "ward": "緑区", "address": "神奈川県横浜市緑区東本郷5-40-1", "haz": {"flood": 1, "landslide": 1, "hightide": 0, "quake": 1, "tsunami": 0, "fire": 0, "inland": 0, "volcano": 0}}}, {"type": "Feature", "geometry": {"type": "Point", "coordinates": [139.582188, 35.505258]}, "properties": {"name": "横浜市立東本郷小学校　校舎３－１", "ward": "緑区", "address": "神奈川県横浜市緑区東本郷5-40-1", "haz": {"flood": 1, "landslide": 1, "hightide": 0, "quake": 1, "tsunami": 0, "fire": 0, "inland": 0, "volcano": 0}}}, {"type": "Feature", "geometry": {"type": "Point", "coordinates": [139.581829, 35.504608]}, "properties": {"name": "横浜市立東本郷小学校　校舎７", "ward": "緑区", "address": "神奈川県横浜市緑区東本郷5-40-1", "haz": {"flood": 1, "landslide": 1, "hightide": 0, "quake": 1, "tsunami": 0, "fire": 0, "inland": 0, "volcano": 0}}}, {"type": "Feature", "geometry": {"type": "Point", "coordinates": [139.581947, 35.505424]}, "properties": {"name": "横浜市立東本郷小学校　体育館２－１", "ward": "緑区", "address": "神奈川県横浜市緑区東本郷5-40-1", "haz": {"flood": 1, "landslide": 1, "hightide": 0, "quake": 1, "tsunami": 0, "fire": 0, "inland": 0, "volcano": 0}}}, {"type": "Feature", "geometry": {"type": "Point", "coordinates": [139.538458, 35.525207]}, "properties": {"name": "横浜市立山下小学校　校舎１", "ward": "緑区", "address": "神奈川県横浜市緑区北八朔町1865-3", "haz": {"flood": 1, "landslide": 1, "hightide": 0, "quake": 1, "tsunami": 0, "fire": 1, "inland": 0, "volcano": 0}}}, {"type": "Feature", "geometry": {"type": "Point", "coordinates": [139.537841, 35.52533]}, "properties": {"name": "横浜市立山下小学校　校舎４", "ward": "緑区", "address": "神奈川県横浜市緑区北八朔町1865-3", "haz": {"flood": 1, "landslide": 0, "hightide": 0, "quake": 1, "tsunami": 0, "fire": 1, "inland": 0, "volcano": 0}}}, {"type": "Feature", "geometry": {"type": "Point", "coordinates": [139.538753, 35.525255]}, "properties": {"name": "横浜市立山下小学校　校舎５", "ward": "緑区", "address": "神奈川県横浜市緑区北八朔町1865-3", "haz": {"flood": 1, "landslide": 1, "hightide": 0, "quake": 1, "tsunami": 0, "fire": 1, "inland": 0, "volcano": 0}}}, {"type": "Feature", "geometry": {"type": "Point", "coordinates": [139.537654, 35.525142]}, "properties": {"name": "横浜市立山下小学校　体育館３", "ward": "緑区", "address": "神奈川県横浜市緑区北八朔町1865-3", "haz": {"flood": 1, "landslide": 0, "hightide": 0, "quake": 1, "tsunami": 0, "fire": 1, "inland": 0, "volcano": 0}}}, {"type": "Feature", "geometry": {"type": "Point", "coordinates": [139.533179, 35.531351]}, "properties": {"name": "横浜市立山下みどり台小学校　校舎１", "ward": "緑区", "address": "神奈川県横浜市緑区北八朔町2031-3", "haz": {"flood": 1, "landslide": 1, "hightide": 0, "quake": 1, "tsunami": 0, "fire": 0, "inland": 0, "volcano": 0}}}, {"type": "Feature", "geometry": {"type": "Point", "coordinates": [139.533372, 35.531613]}, "properties": {"name": "横浜市立山下みどり台小学校　校舎２－１", "ward": "緑区", "address": "神奈川県横浜市緑区北八朔町2031-3", "haz": {"flood": 1, "landslide": 1, "hightide": 0, "quake": 1, "tsunami": 0, "fire": 0, "inland": 0, "volcano": 0}}}, {"type": "Feature", "geometry": {"type": "Point", "coordinates": [139.533082, 35.531862]}, "properties": {"name": "横浜市立山下みどり台小学校　体育館３－１", "ward": "緑区", "address": "神奈川県横浜市緑区北八朔町2031-3", "haz": {"flood": 1, "landslide": 1, "hightide": 0, "quake": 1, "tsunami": 0, "fire": 0, "inland": 0, "volcano": 0}}}, {"type": "Feature", "geometry": {"type": "Point", "coordinates": [139.504748, 35.51617]}, "properties": {"name": "霧が丘複合施設「霧の里」（旧霧が丘第三小学校）　校舎１", "ward": "緑区", "address": "神奈川県横浜市緑区霧が丘3-23", "haz": {"flood": 1, "landslide": 1, "hightide": 0, "quake": 1, "tsunami": 0, "fire": 0, "inland": 0, "volcano": 0}}}, {"type": "Feature", "geometry": {"type": "Point", "coordinates": [139.505515, 35.516271]}, "properties": {"name": "霧が丘複合施設「霧の里」（旧霧が丘第三小学校）　体育館２", "ward": "緑区", "address": "神奈川県横浜市緑区霧が丘3-23", "haz": {"flood": 1, "landslide": 1, "hightide": 0, "quake": 1, "tsunami": 0, "fire": 0, "inland": 0, "volcano": 0}}}, {"type": "Feature", "geometry": {"type": "Point", "coordinates": [139.507162, 35.512071]}, "properties": {"name": "横浜市立霧が丘義務教育学校（旧小学校部分）　校舎１０", "ward": "緑区", "address": "神奈川県横浜市緑区霧が丘4-3", "haz": {"flood": 1, "landslide": 1, "hightide": 0, "quake": 1, "tsunami": 0, "fire": 1, "inland": 0, "volcano": 0}}}, {"type": "Feature", "geometry": {"type": "Point", "coordinates": [139.506883, 35.512181]}, "properties": {"name": "横浜市立霧が丘義務教育学校（旧小学校部分）　校舎１２", "ward": "緑区", "address": "神奈川県横浜市緑区霧が丘4-3", "haz": {"flood": 1, "landslide": 1, "hightide": 0, "quake": 1, "tsunami": 0, "fire": 1, "inland": 0, "volcano": 0}}}, {"type": "Feature", "geometry": {"type": "Point", "coordinates": [139.507667, 35.511997]}, "properties": {"name": "横浜市立霧が丘義務教育学校（旧小学校部分）　体育館２", "ward": "緑区", "address": "神奈川県横浜市緑区霧が丘4-3", "haz": {"flood": 1, "landslide": 1, "hightide": 0, "quake": 1, "tsunami": 0, "fire": 1, "inland": 0, "volcano": 0}}}, {"type": "Feature", "geometry": {"type": "Point", "coordinates": [139.507141, 35.511744]}, "properties": {"name": "横浜市立霧が丘義務教育学校（旧小学校部分）　校舎１－１", "ward": "緑区", "address": "神奈川県横浜市緑区霧が丘4-3", "haz": {"flood": 1, "landslide": 1, "hightide": 0, "quake": 1, "tsunami": 0, "fire": 1, "inland": 0, "volcano": 0}}}, {"type": "Feature", "geometry": {"type": "Point", "coordinates": [139.507007, 35.511954]}, "properties": {"name": "横浜市立霧が丘義務教育学校（旧小学校部分）　校舎１１", "ward": "緑区", "address": "神奈川県横浜市緑区霧が丘4-3", "haz": {"flood": 1, "landslide": 1, "hightide": 0, "quake": 1, "tsunami": 0, "fire": 1, "inland": 0, "volcano": 0}}}]}